"catalogNumber","sourceURL","originalURL","thumbnailURL","URL"
"MISSA037108","https://img.cyverse.org/resize?width=4000&url=https://data.cyverse.org/dav-anon/iplant/projects/magnoliagrandiFLORA/sernec-portal/MISSA/2023-2-20/MISSA037108.JPG","https://img.cyverse.org/resize?width=4000&url=https://data.cyverse.org/dav-anon/iplant/projects/magnoliagrandiFLORA/sernec-portal/MISSA/2023-2-20/MISSA037108.JPG","https://img.cyverse.org/thumbnail?height=200&url=https://data.cyverse.org/dav-anon/iplant/projects/magnoliagrandiFLORA/sernec-portal/MISSA/2023-2-20/MISSA037108.JPG","https://img.cyverse.org/resize?width=1250&url=https://data.cyverse.org/dav-anon/iplant/projects/magnoliagrandiFLORA/sernec-portal/MISSA/2023-2-20/MISSA037108.JPG"
"MISSA037109","https://img.cyverse.org/resize?width=4000&url=https://data.cyverse.org/dav-anon/iplant/projects/magnoliagrandiFLORA/sernec-portal/MISSA/2023-2-20/MISSA037109.JPG","https://img.cyverse.org/resize?width=4000&url=https://data.cyverse.org/dav-anon/iplant/projects/magnoliagrandiFLORA/sernec-portal/MISSA/2023-2-20/MISSA037109.JPG","https://img.cyverse.org/thumbnail?height=200&url=https://data.cyverse.org/dav-anon/iplant/projects/magnoliagrandiFLORA/sernec-portal/MISSA/2023-2-20/MISSA037109.JPG","https://img.cyverse.org/resize?width=1250&url=https://data.cyverse.org/dav-anon/iplant/projects/magnoliagrandiFLORA/sernec-portal/MISSA/2023-2-20/MISSA037109.JPG"
"MISSA037110","https://img.cyverse.org/resize?width=4000&url=https://data.cyverse.org/dav-anon/iplant/projects/magnoliagrandiFLORA/sernec-portal/MISSA/2023-2-20/MISSA037110.JPG","https://img.cyverse.org/resize?width=4000&url=https://data.cyverse.org/dav-anon/iplant/projects/magnoliagrandiFLORA/sernec-portal/MISSA/2023-2-20/MISSA037110.JPG","https://img.cyverse.org/thumbnail?height=200&url=https://data.cyverse.org/dav-anon/iplant/projects/magnoliagrandiFLORA/sernec-portal/MISSA/2023-2-20/MISSA037110.JPG","https://img.cyverse.org/resize?width=1250&url=https://data.cyverse.org/dav-anon/iplant/projects/magnoliagrandiFLORA/sernec-portal/MISSA/2023-2-20/MISSA037110.JPG"
"MISSA037111","https://img.cyverse.org/resize?width=4000&url=https://data.cyverse.org/dav-anon/iplant/projects/magnoliagrandiFLORA/sernec-portal/MISSA/2023-2-20/MISSA037111.JPG","https://img.cyverse.org/resize?width=4000&url=https://data.cyverse.org/dav-anon/iplant/projects/magnoliagrandiFLORA/sernec-portal/MISSA/2023-2-20/MISSA037111.JPG","https://img.cyverse.org/thumbnail?height=200&url=https://data.cyverse.org/dav-anon/iplant/projects/magnoliagrandiFLORA/sernec-portal/MISSA/2023-2-20/MISSA037111.JPG","https://img.cyverse.org/resize?width=1250&url=https://data.cyverse.org/dav-anon/iplant/projects/magnoliagrandiFLORA/sernec-portal/MISSA/2023-2-20/MISSA037111.JPG"
"MISSA037112","https://img.cyverse.org/resize?width=4000&url=https://data.cyverse.org/dav-anon/iplant/projects/magnoliagrandiFLORA/sernec-portal/MISSA/2023-2-20/MISSA037112.JPG","https://img.cyverse.org/resize?width=4000&url=https://data.cyverse.org/dav-anon/iplant/projects/magnoliagrandiFLORA/sernec-portal/MISSA/2023-2-20/MISSA037112.JPG","https://img.cyverse.org/thumbnail?height=200&url=https://data.cyverse.org/dav-anon/iplant/projects/magnoliagrandiFLORA/sernec-portal/MISSA/2023-2-20/MISSA037112.JPG","https://img.cyverse.org/resize?width=1250&url=https://data.cyverse.org/dav-anon/iplant/projects/magnoliagrandiFLORA/sernec-portal/MISSA/2023-2-20/MISSA037112.JPG"
"MISSA037113","https://img.cyverse.org/resize?width=4000&url=https://data.cyverse.org/dav-anon/iplant/projects/magnoliagrandiFLORA/sernec-portal/MISSA/2023-2-20/MISSA037113.JPG","https://img.cyverse.org/resize?width=4000&url=https://data.cyverse.org/dav-anon/iplant/projects/magnoliagrandiFLORA/sernec-portal/MISSA/2023-2-20/MISSA037113.JPG","https://img.cyverse.org/thumbnail?height=200&url=https://data.cyverse.org/dav-anon/iplant/projects/magnoliagrandiFLORA/sernec-portal/MISSA/2023-2-20/MISSA037113.JPG","https://img.cyverse.org/resize?width=1250&url=https://data.cyverse.org/dav-anon/iplant/projects/magnoliagrandiFLORA/sernec-portal/MISSA/2023-2-20/MISSA037113.JPG"
"MISSA037114","https://img.cyverse.org/resize?width=4000&url=https://data.cyverse.org/dav-anon/iplant/projects/magnoliagrandiFLORA/sernec-portal/MISSA/2023-2-20/MISSA037114.JPG","https://img.cyverse.org/resize?width=4000&url=https://data.cyverse.org/dav-anon/iplant/projects/magnoliagrandiFLORA/sernec-portal/MISSA/2023-2-20/MISSA037114.JPG","https://img.cyverse.org/thumbnail?height=200&url=https://data.cyverse.org/dav-anon/iplant/projects/magnoliagrandiFLORA/sernec-portal/MISSA/2023-2-20/MISSA037114.JPG","https://img.cyverse.org/resize?width=1250&url=https://data.cyverse.org/dav-anon/iplant/projects/magnoliagrandiFLORA/sernec-portal/MISSA/2023-2-20/MISSA037114.JPG"
"MISSA037115","https://img.cyverse.org/resize?width=4000&url=https://data.cyverse.org/dav-anon/iplant/projects/magnoliagrandiFLORA/sernec-portal/MISSA/2023-2-20/MISSA037115.JPG","https://img.cyverse.org/resize?width=4000&url=https://data.cyverse.org/dav-anon/iplant/projects/magnoliagrandiFLORA/sernec-portal/MISSA/2023-2-20/MISSA037115.JPG","https://img.cyverse.org/thumbnail?height=200&url=https://data.cyverse.org/dav-anon/iplant/projects/magnoliagrandiFLORA/sernec-portal/MISSA/2023-2-20/MISSA037115.JPG","https://img.cyverse.org/resize?width=1250&url=https://data.cyverse.org/dav-anon/iplant/projects/magnoliagrandiFLORA/sernec-portal/MISSA/2023-2-20/MISSA037115.JPG"
"MISSA037116","https://img.cyverse.org/resize?width=4000&url=https://data.cyverse.org/dav-anon/iplant/projects/magnoliagrandiFLORA/sernec-portal/MISSA/2023-2-20/MISSA037116.JPG","https://img.cyverse.org/resize?width=4000&url=https://data.cyverse.org/dav-anon/iplant/projects/magnoliagrandiFLORA/sernec-portal/MISSA/2023-2-20/MISSA037116.JPG","https://img.cyverse.org/thumbnail?height=200&url=https://data.cyverse.org/dav-anon/iplant/projects/magnoliagrandiFLORA/sernec-portal/MISSA/2023-2-20/MISSA037116.JPG","https://img.cyverse.org/resize?width=1250&url=https://data.cyverse.org/dav-anon/iplant/projects/magnoliagrandiFLORA/sernec-portal/MISSA/2023-2-20/MISSA037116.JPG"
"MISSA037117","https://img.cyverse.org/resize?width=4000&url=https://data.cyverse.org/dav-anon/iplant/projects/magnoliagrandiFLORA/sernec-portal/MISSA/2023-2-20/MISSA037117.JPG","https://img.cyverse.org/resize?width=4000&url=https://data.cyverse.org/dav-anon/iplant/projects/magnoliagrandiFLORA/sernec-portal/MISSA/2023-2-20/MISSA037117.JPG","https://img.cyverse.org/thumbnail?height=200&url=https://data.cyverse.org/dav-anon/iplant/projects/magnoliagrandiFLORA/sernec-portal/MISSA/2023-2-20/MISSA037117.JPG","https://img.cyverse.org/resize?width=1250&url=https://data.cyverse.org/dav-anon/iplant/projects/magnoliagrandiFLORA/sernec-portal/MISSA/2023-2-20/MISSA037117.JPG"
"MISSA037118","https://img.cyverse.org/resize?width=4000&url=https://data.cyverse.org/dav-anon/iplant/projects/magnoliagrandiFLORA/sernec-portal/MISSA/2023-2-20/MISSA037118.JPG","https://img.cyverse.org/resize?width=4000&url=https://data.cyverse.org/dav-anon/iplant/projects/magnoliagrandiFLORA/sernec-portal/MISSA/2023-2-20/MISSA037118.JPG","https://img.cyverse.org/thumbnail?height=200&url=https://data.cyverse.org/dav-anon/iplant/projects/magnoliagrandiFLORA/sernec-portal/MISSA/2023-2-20/MISSA037118.JPG","https://img.cyverse.org/resize?width=1250&url=https://data.cyverse.org/dav-anon/iplant/projects/magnoliagrandiFLORA/sernec-portal/MISSA/2023-2-20/MISSA037118.JPG"
"MISSA037119","https://img.cyverse.org/resize?width=4000&url=https://data.cyverse.org/dav-anon/iplant/projects/magnoliagrandiFLORA/sernec-portal/MISSA/2023-2-20/MISSA037119.JPG","https://img.cyverse.org/resize?width=4000&url=https://data.cyverse.org/dav-anon/iplant/projects/magnoliagrandiFLORA/sernec-portal/MISSA/2023-2-20/MISSA037119.JPG","https://img.cyverse.org/thumbnail?height=200&url=https://data.cyverse.org/dav-anon/iplant/projects/magnoliagrandiFLORA/sernec-portal/MISSA/2023-2-20/MISSA037119.JPG","https://img.cyverse.org/resize?width=1250&url=https://data.cyverse.org/dav-anon/iplant/projects/magnoliagrandiFLORA/sernec-portal/MISSA/2023-2-20/MISSA037119.JPG"
"MISSA037120","https://img.cyverse.org/resize?width=4000&url=https://data.cyverse.org/dav-anon/iplant/projects/magnoliagrandiFLORA/sernec-portal/MISSA/2023-2-20/MISSA037120.JPG","https://img.cyverse.org/resize?width=4000&url=https://data.cyverse.org/dav-anon/iplant/projects/magnoliagrandiFLORA/sernec-portal/MISSA/2023-2-20/MISSA037120.JPG","https://img.cyverse.org/thumbnail?height=200&url=https://data.cyverse.org/dav-anon/iplant/projects/magnoliagrandiFLORA/sernec-portal/MISSA/2023-2-20/MISSA037120.JPG","https://img.cyverse.org/resize?width=1250&url=https://data.cyverse.org/dav-anon/iplant/projects/magnoliagrandiFLORA/sernec-portal/MISSA/2023-2-20/MISSA037120.JPG"
"MISSA037121","https://img.cyverse.org/resize?width=4000&url=https://data.cyverse.org/dav-anon/iplant/projects/magnoliagrandiFLORA/sernec-portal/MISSA/2023-2-20/MISSA037121.JPG","https://img.cyverse.org/resize?width=4000&url=https://data.cyverse.org/dav-anon/iplant/projects/magnoliagrandiFLORA/sernec-portal/MISSA/2023-2-20/MISSA037121.JPG","https://img.cyverse.org/thumbnail?height=200&url=https://data.cyverse.org/dav-anon/iplant/projects/magnoliagrandiFLORA/sernec-portal/MISSA/2023-2-20/MISSA037121.JPG","https://img.cyverse.org/resize?width=1250&url=https://data.cyverse.org/dav-anon/iplant/projects/magnoliagrandiFLORA/sernec-portal/MISSA/2023-2-20/MISSA037121.JPG"
"MISSA037122","https://img.cyverse.org/resize?width=4000&url=https://data.cyverse.org/dav-anon/iplant/projects/magnoliagrandiFLORA/sernec-portal/MISSA/2023-2-20/MISSA037122.JPG","https://img.cyverse.org/resize?width=4000&url=https://data.cyverse.org/dav-anon/iplant/projects/magnoliagrandiFLORA/sernec-portal/MISSA/2023-2-20/MISSA037122.JPG","https://img.cyverse.org/thumbnail?height=200&url=https://data.cyverse.org/dav-anon/iplant/projects/magnoliagrandiFLORA/sernec-portal/MISSA/2023-2-20/MISSA037122.JPG","https://img.cyverse.org/resize?width=1250&url=https://data.cyverse.org/dav-anon/iplant/projects/magnoliagrandiFLORA/sernec-portal/MISSA/2023-2-20/MISSA037122.JPG"
"MISSA037123","https://img.cyverse.org/resize?width=4000&url=https://data.cyverse.org/dav-anon/iplant/projects/magnoliagrandiFLORA/sernec-portal/MISSA/2023-2-20/MISSA037123.JPG","https://img.cyverse.org/resize?width=4000&url=https://data.cyverse.org/dav-anon/iplant/projects/magnoliagrandiFLORA/sernec-portal/MISSA/2023-2-20/MISSA037123.JPG","https://img.cyverse.org/thumbnail?height=200&url=https://data.cyverse.org/dav-anon/iplant/projects/magnoliagrandiFLORA/sernec-portal/MISSA/2023-2-20/MISSA037123.JPG","https://img.cyverse.org/resize?width=1250&url=https://data.cyverse.org/dav-anon/iplant/projects/magnoliagrandiFLORA/sernec-portal/MISSA/2023-2-20/MISSA037123.JPG"
"MISSA037124","https://img.cyverse.org/resize?width=4000&url=https://data.cyverse.org/dav-anon/iplant/projects/magnoliagrandiFLORA/sernec-portal/MISSA/2023-2-20/MISSA037124.JPG","https://img.cyverse.org/resize?width=4000&url=https://data.cyverse.org/dav-anon/iplant/projects/magnoliagrandiFLORA/sernec-portal/MISSA/2023-2-20/MISSA037124.JPG","https://img.cyverse.org/thumbnail?height=200&url=https://data.cyverse.org/dav-anon/iplant/projects/magnoliagrandiFLORA/sernec-portal/MISSA/2023-2-20/MISSA037124.JPG","https://img.cyverse.org/resize?width=1250&url=https://data.cyverse.org/dav-anon/iplant/projects/magnoliagrandiFLORA/sernec-portal/MISSA/2023-2-20/MISSA037124.JPG"
"MISSA037125","https://img.cyverse.org/resize?width=4000&url=https://data.cyverse.org/dav-anon/iplant/projects/magnoliagrandiFLORA/sernec-portal/MISSA/2023-2-20/MISSA037125.JPG","https://img.cyverse.org/resize?width=4000&url=https://data.cyverse.org/dav-anon/iplant/projects/magnoliagrandiFLORA/sernec-portal/MISSA/2023-2-20/MISSA037125.JPG","https://img.cyverse.org/thumbnail?height=200&url=https://data.cyverse.org/dav-anon/iplant/projects/magnoliagrandiFLORA/sernec-portal/MISSA/2023-2-20/MISSA037125.JPG","https://img.cyverse.org/resize?width=1250&url=https://data.cyverse.org/dav-anon/iplant/projects/magnoliagrandiFLORA/sernec-portal/MISSA/2023-2-20/MISSA037125.JPG"
"MISSA037126","https://img.cyverse.org/resize?width=4000&url=https://data.cyverse.org/dav-anon/iplant/projects/magnoliagrandiFLORA/sernec-portal/MISSA/2023-2-20/MISSA037126.JPG","https://img.cyverse.org/resize?width=4000&url=https://data.cyverse.org/dav-anon/iplant/projects/magnoliagrandiFLORA/sernec-portal/MISSA/2023-2-20/MISSA037126.JPG","https://img.cyverse.org/thumbnail?height=200&url=https://data.cyverse.org/dav-anon/iplant/projects/magnoliagrandiFLORA/sernec-portal/MISSA/2023-2-20/MISSA037126.JPG","https://img.cyverse.org/resize?width=1250&url=https://data.cyverse.org/dav-anon/iplant/projects/magnoliagrandiFLORA/sernec-portal/MISSA/2023-2-20/MISSA037126.JPG"
"MISSA037127","https://img.cyverse.org/resize?width=4000&url=https://data.cyverse.org/dav-anon/iplant/projects/magnoliagrandiFLORA/sernec-portal/MISSA/2023-2-20/MISSA037127.JPG","https://img.cyverse.org/resize?width=4000&url=https://data.cyverse.org/dav-anon/iplant/projects/magnoliagrandiFLORA/sernec-portal/MISSA/2023-2-20/MISSA037127.JPG","https://img.cyverse.org/thumbnail?height=200&url=https://data.cyverse.org/dav-anon/iplant/projects/magnoliagrandiFLORA/sernec-portal/MISSA/2023-2-20/MISSA037127.JPG","https://img.cyverse.org/resize?width=1250&url=https://data.cyverse.org/dav-anon/iplant/projects/magnoliagrandiFLORA/sernec-portal/MISSA/2023-2-20/MISSA037127.JPG"
"MISSA037128","https://img.cyverse.org/resize?width=4000&url=https://data.cyverse.org/dav-anon/iplant/projects/magnoliagrandiFLORA/sernec-portal/MISSA/2023-2-20/MISSA037128.JPG","https://img.cyverse.org/resize?width=4000&url=https://data.cyverse.org/dav-anon/iplant/projects/magnoliagrandiFLORA/sernec-portal/MISSA/2023-2-20/MISSA037128.JPG","https://img.cyverse.org/thumbnail?height=200&url=https://data.cyverse.org/dav-anon/iplant/projects/magnoliagrandiFLORA/sernec-portal/MISSA/2023-2-20/MISSA037128.JPG","https://img.cyverse.org/resize?width=1250&url=https://data.cyverse.org/dav-anon/iplant/projects/magnoliagrandiFLORA/sernec-portal/MISSA/2023-2-20/MISSA037128.JPG"
"MISSA037129","https://img.cyverse.org/resize?width=4000&url=https://data.cyverse.org/dav-anon/iplant/projects/magnoliagrandiFLORA/sernec-portal/MISSA/2023-2-20/MISSA037129.JPG","https://img.cyverse.org/resize?width=4000&url=https://data.cyverse.org/dav-anon/iplant/projects/magnoliagrandiFLORA/sernec-portal/MISSA/2023-2-20/MISSA037129.JPG","https://img.cyverse.org/thumbnail?height=200&url=https://data.cyverse.org/dav-anon/iplant/projects/magnoliagrandiFLORA/sernec-portal/MISSA/2023-2-20/MISSA037129.JPG","https://img.cyverse.org/resize?width=1250&url=https://data.cyverse.org/dav-anon/iplant/projects/magnoliagrandiFLORA/sernec-portal/MISSA/2023-2-20/MISSA037129.JPG"
"MISSA037130","https://img.cyverse.org/resize?width=4000&url=https://data.cyverse.org/dav-anon/iplant/projects/magnoliagrandiFLORA/sernec-portal/MISSA/2023-2-20/MISSA037130.JPG","https://img.cyverse.org/resize?width=4000&url=https://data.cyverse.org/dav-anon/iplant/projects/magnoliagrandiFLORA/sernec-portal/MISSA/2023-2-20/MISSA037130.JPG","https://img.cyverse.org/thumbnail?height=200&url=https://data.cyverse.org/dav-anon/iplant/projects/magnoliagrandiFLORA/sernec-portal/MISSA/2023-2-20/MISSA037130.JPG","https://img.cyverse.org/resize?width=1250&url=https://data.cyverse.org/dav-anon/iplant/projects/magnoliagrandiFLORA/sernec-portal/MISSA/2023-2-20/MISSA037130.JPG"
"MISSA037131","https://img.cyverse.org/resize?width=4000&url=https://data.cyverse.org/dav-anon/iplant/projects/magnoliagrandiFLORA/sernec-portal/MISSA/2023-2-20/MISSA037131.JPG","https://img.cyverse.org/resize?width=4000&url=https://data.cyverse.org/dav-anon/iplant/projects/magnoliagrandiFLORA/sernec-portal/MISSA/2023-2-20/MISSA037131.JPG","https://img.cyverse.org/thumbnail?height=200&url=https://data.cyverse.org/dav-anon/iplant/projects/magnoliagrandiFLORA/sernec-portal/MISSA/2023-2-20/MISSA037131.JPG","https://img.cyverse.org/resize?width=1250&url=https://data.cyverse.org/dav-anon/iplant/projects/magnoliagrandiFLORA/sernec-portal/MISSA/2023-2-20/MISSA037131.JPG"
"MISSA037132","https://img.cyverse.org/resize?width=4000&url=https://data.cyverse.org/dav-anon/iplant/projects/magnoliagrandiFLORA/sernec-portal/MISSA/2023-2-20/MISSA037132.JPG","https://img.cyverse.org/resize?width=4000&url=https://data.cyverse.org/dav-anon/iplant/projects/magnoliagrandiFLORA/sernec-portal/MISSA/2023-2-20/MISSA037132.JPG","https://img.cyverse.org/thumbnail?height=200&url=https://data.cyverse.org/dav-anon/iplant/projects/magnoliagrandiFLORA/sernec-portal/MISSA/2023-2-20/MISSA037132.JPG","https://img.cyverse.org/resize?width=1250&url=https://data.cyverse.org/dav-anon/iplant/projects/magnoliagrandiFLORA/sernec-portal/MISSA/2023-2-20/MISSA037132.JPG"
"MISSA037133","https://img.cyverse.org/resize?width=4000&url=https://data.cyverse.org/dav-anon/iplant/projects/magnoliagrandiFLORA/sernec-portal/MISSA/2023-2-20/MISSA037133.JPG","https://img.cyverse.org/resize?width=4000&url=https://data.cyverse.org/dav-anon/iplant/projects/magnoliagrandiFLORA/sernec-portal/MISSA/2023-2-20/MISSA037133.JPG","https://img.cyverse.org/thumbnail?height=200&url=https://data.cyverse.org/dav-anon/iplant/projects/magnoliagrandiFLORA/sernec-portal/MISSA/2023-2-20/MISSA037133.JPG","https://img.cyverse.org/resize?width=1250&url=https://data.cyverse.org/dav-anon/iplant/projects/magnoliagrandiFLORA/sernec-portal/MISSA/2023-2-20/MISSA037133.JPG"
"MISSA037134","https://img.cyverse.org/resize?width=4000&url=https://data.cyverse.org/dav-anon/iplant/projects/magnoliagrandiFLORA/sernec-portal/MISSA/2023-2-20/MISSA037134.JPG","https://img.cyverse.org/resize?width=4000&url=https://data.cyverse.org/dav-anon/iplant/projects/magnoliagrandiFLORA/sernec-portal/MISSA/2023-2-20/MISSA037134.JPG","https://img.cyverse.org/thumbnail?height=200&url=https://data.cyverse.org/dav-anon/iplant/projects/magnoliagrandiFLORA/sernec-portal/MISSA/2023-2-20/MISSA037134.JPG","https://img.cyverse.org/resize?width=1250&url=https://data.cyverse.org/dav-anon/iplant/projects/magnoliagrandiFLORA/sernec-portal/MISSA/2023-2-20/MISSA037134.JPG"
"MISSA037135","https://img.cyverse.org/resize?width=4000&url=https://data.cyverse.org/dav-anon/iplant/projects/magnoliagrandiFLORA/sernec-portal/MISSA/2023-2-20/MISSA037135.JPG","https://img.cyverse.org/resize?width=4000&url=https://data.cyverse.org/dav-anon/iplant/projects/magnoliagrandiFLORA/sernec-portal/MISSA/2023-2-20/MISSA037135.JPG","https://img.cyverse.org/thumbnail?height=200&url=https://data.cyverse.org/dav-anon/iplant/projects/magnoliagrandiFLORA/sernec-portal/MISSA/2023-2-20/MISSA037135.JPG","https://img.cyverse.org/resize?width=1250&url=https://data.cyverse.org/dav-anon/iplant/projects/magnoliagrandiFLORA/sernec-portal/MISSA/2023-2-20/MISSA037135.JPG"
"MISSA037136","https://img.cyverse.org/resize?width=4000&url=https://data.cyverse.org/dav-anon/iplant/projects/magnoliagrandiFLORA/sernec-portal/MISSA/2023-2-20/MISSA037136.JPG","https://img.cyverse.org/resize?width=4000&url=https://data.cyverse.org/dav-anon/iplant/projects/magnoliagrandiFLORA/sernec-portal/MISSA/2023-2-20/MISSA037136.JPG","https://img.cyverse.org/thumbnail?height=200&url=https://data.cyverse.org/dav-anon/iplant/projects/magnoliagrandiFLORA/sernec-portal/MISSA/2023-2-20/MISSA037136.JPG","https://img.cyverse.org/resize?width=1250&url=https://data.cyverse.org/dav-anon/iplant/projects/magnoliagrandiFLORA/sernec-portal/MISSA/2023-2-20/MISSA037136.JPG"
"MISSA037137","https://img.cyverse.org/resize?width=4000&url=https://data.cyverse.org/dav-anon/iplant/projects/magnoliagrandiFLORA/sernec-portal/MISSA/2023-2-20/MISSA037137.JPG","https://img.cyverse.org/resize?width=4000&url=https://data.cyverse.org/dav-anon/iplant/projects/magnoliagrandiFLORA/sernec-portal/MISSA/2023-2-20/MISSA037137.JPG","https://img.cyverse.org/thumbnail?height=200&url=https://data.cyverse.org/dav-anon/iplant/projects/magnoliagrandiFLORA/sernec-portal/MISSA/2023-2-20/MISSA037137.JPG","https://img.cyverse.org/resize?width=1250&url=https://data.cyverse.org/dav-anon/iplant/projects/magnoliagrandiFLORA/sernec-portal/MISSA/2023-2-20/MISSA037137.JPG"
"MISSA037138","https://img.cyverse.org/resize?width=4000&url=https://data.cyverse.org/dav-anon/iplant/projects/magnoliagrandiFLORA/sernec-portal/MISSA/2023-2-20/MISSA037138.JPG","https://img.cyverse.org/resize?width=4000&url=https://data.cyverse.org/dav-anon/iplant/projects/magnoliagrandiFLORA/sernec-portal/MISSA/2023-2-20/MISSA037138.JPG","https://img.cyverse.org/thumbnail?height=200&url=https://data.cyverse.org/dav-anon/iplant/projects/magnoliagrandiFLORA/sernec-portal/MISSA/2023-2-20/MISSA037138.JPG","https://img.cyverse.org/resize?width=1250&url=https://data.cyverse.org/dav-anon/iplant/projects/magnoliagrandiFLORA/sernec-portal/MISSA/2023-2-20/MISSA037138.JPG"
"MISSA037139","https://img.cyverse.org/resize?width=4000&url=https://data.cyverse.org/dav-anon/iplant/projects/magnoliagrandiFLORA/sernec-portal/MISSA/2023-2-20/MISSA037139.JPG","https://img.cyverse.org/resize?width=4000&url=https://data.cyverse.org/dav-anon/iplant/projects/magnoliagrandiFLORA/sernec-portal/MISSA/2023-2-20/MISSA037139.JPG","https://img.cyverse.org/thumbnail?height=200&url=https://data.cyverse.org/dav-anon/iplant/projects/magnoliagrandiFLORA/sernec-portal/MISSA/2023-2-20/MISSA037139.JPG","https://img.cyverse.org/resize?width=1250&url=https://data.cyverse.org/dav-anon/iplant/projects/magnoliagrandiFLORA/sernec-portal/MISSA/2023-2-20/MISSA037139.JPG"
"MISSA037140","https://img.cyverse.org/resize?width=4000&url=https://data.cyverse.org/dav-anon/iplant/projects/magnoliagrandiFLORA/sernec-portal/MISSA/2023-2-20/MISSA037140.JPG","https://img.cyverse.org/resize?width=4000&url=https://data.cyverse.org/dav-anon/iplant/projects/magnoliagrandiFLORA/sernec-portal/MISSA/2023-2-20/MISSA037140.JPG","https://img.cyverse.org/thumbnail?height=200&url=https://data.cyverse.org/dav-anon/iplant/projects/magnoliagrandiFLORA/sernec-portal/MISSA/2023-2-20/MISSA037140.JPG","https://img.cyverse.org/resize?width=1250&url=https://data.cyverse.org/dav-anon/iplant/projects/magnoliagrandiFLORA/sernec-portal/MISSA/2023-2-20/MISSA037140.JPG"
"MISSA037141","https://img.cyverse.org/resize?width=4000&url=https://data.cyverse.org/dav-anon/iplant/projects/magnoliagrandiFLORA/sernec-portal/MISSA/2023-2-20/MISSA037141.JPG","https://img.cyverse.org/resize?width=4000&url=https://data.cyverse.org/dav-anon/iplant/projects/magnoliagrandiFLORA/sernec-portal/MISSA/2023-2-20/MISSA037141.JPG","https://img.cyverse.org/thumbnail?height=200&url=https://data.cyverse.org/dav-anon/iplant/projects/magnoliagrandiFLORA/sernec-portal/MISSA/2023-2-20/MISSA037141.JPG","https://img.cyverse.org/resize?width=1250&url=https://data.cyverse.org/dav-anon/iplant/projects/magnoliagrandiFLORA/sernec-portal/MISSA/2023-2-20/MISSA037141.JPG"
"MISSA037142","https://img.cyverse.org/resize?width=4000&url=https://data.cyverse.org/dav-anon/iplant/projects/magnoliagrandiFLORA/sernec-portal/MISSA/2023-2-20/MISSA037142.JPG","https://img.cyverse.org/resize?width=4000&url=https://data.cyverse.org/dav-anon/iplant/projects/magnoliagrandiFLORA/sernec-portal/MISSA/2023-2-20/MISSA037142.JPG","https://img.cyverse.org/thumbnail?height=200&url=https://data.cyverse.org/dav-anon/iplant/projects/magnoliagrandiFLORA/sernec-portal/MISSA/2023-2-20/MISSA037142.JPG","https://img.cyverse.org/resize?width=1250&url=https://data.cyverse.org/dav-anon/iplant/projects/magnoliagrandiFLORA/sernec-portal/MISSA/2023-2-20/MISSA037142.JPG"
"MISSA037143","https://img.cyverse.org/resize?width=4000&url=https://data.cyverse.org/dav-anon/iplant/projects/magnoliagrandiFLORA/sernec-portal/MISSA/2023-2-20/MISSA037143.JPG","https://img.cyverse.org/resize?width=4000&url=https://data.cyverse.org/dav-anon/iplant/projects/magnoliagrandiFLORA/sernec-portal/MISSA/2023-2-20/MISSA037143.JPG","https://img.cyverse.org/thumbnail?height=200&url=https://data.cyverse.org/dav-anon/iplant/projects/magnoliagrandiFLORA/sernec-portal/MISSA/2023-2-20/MISSA037143.JPG","https://img.cyverse.org/resize?width=1250&url=https://data.cyverse.org/dav-anon/iplant/projects/magnoliagrandiFLORA/sernec-portal/MISSA/2023-2-20/MISSA037143.JPG"
"MISSA037144","https://img.cyverse.org/resize?width=4000&url=https://data.cyverse.org/dav-anon/iplant/projects/magnoliagrandiFLORA/sernec-portal/MISSA/2023-2-20/MISSA037144.JPG","https://img.cyverse.org/resize?width=4000&url=https://data.cyverse.org/dav-anon/iplant/projects/magnoliagrandiFLORA/sernec-portal/MISSA/2023-2-20/MISSA037144.JPG","https://img.cyverse.org/thumbnail?height=200&url=https://data.cyverse.org/dav-anon/iplant/projects/magnoliagrandiFLORA/sernec-portal/MISSA/2023-2-20/MISSA037144.JPG","https://img.cyverse.org/resize?width=1250&url=https://data.cyverse.org/dav-anon/iplant/projects/magnoliagrandiFLORA/sernec-portal/MISSA/2023-2-20/MISSA037144.JPG"
"MISSA037145","https://img.cyverse.org/resize?width=4000&url=https://data.cyverse.org/dav-anon/iplant/projects/magnoliagrandiFLORA/sernec-portal/MISSA/2023-2-20/MISSA037145.JPG","https://img.cyverse.org/resize?width=4000&url=https://data.cyverse.org/dav-anon/iplant/projects/magnoliagrandiFLORA/sernec-portal/MISSA/2023-2-20/MISSA037145.JPG","https://img.cyverse.org/thumbnail?height=200&url=https://data.cyverse.org/dav-anon/iplant/projects/magnoliagrandiFLORA/sernec-portal/MISSA/2023-2-20/MISSA037145.JPG","https://img.cyverse.org/resize?width=1250&url=https://data.cyverse.org/dav-anon/iplant/projects/magnoliagrandiFLORA/sernec-portal/MISSA/2023-2-20/MISSA037145.JPG"
"MISSA037146","https://img.cyverse.org/resize?width=4000&url=https://data.cyverse.org/dav-anon/iplant/projects/magnoliagrandiFLORA/sernec-portal/MISSA/2023-2-20/MISSA037146.JPG","https://img.cyverse.org/resize?width=4000&url=https://data.cyverse.org/dav-anon/iplant/projects/magnoliagrandiFLORA/sernec-portal/MISSA/2023-2-20/MISSA037146.JPG","https://img.cyverse.org/thumbnail?height=200&url=https://data.cyverse.org/dav-anon/iplant/projects/magnoliagrandiFLORA/sernec-portal/MISSA/2023-2-20/MISSA037146.JPG","https://img.cyverse.org/resize?width=1250&url=https://data.cyverse.org/dav-anon/iplant/projects/magnoliagrandiFLORA/sernec-portal/MISSA/2023-2-20/MISSA037146.JPG"
"MISSA037147","https://img.cyverse.org/resize?width=4000&url=https://data.cyverse.org/dav-anon/iplant/projects/magnoliagrandiFLORA/sernec-portal/MISSA/2023-2-20/MISSA037147.JPG","https://img.cyverse.org/resize?width=4000&url=https://data.cyverse.org/dav-anon/iplant/projects/magnoliagrandiFLORA/sernec-portal/MISSA/2023-2-20/MISSA037147.JPG","https://img.cyverse.org/thumbnail?height=200&url=https://data.cyverse.org/dav-anon/iplant/projects/magnoliagrandiFLORA/sernec-portal/MISSA/2023-2-20/MISSA037147.JPG","https://img.cyverse.org/resize?width=1250&url=https://data.cyverse.org/dav-anon/iplant/projects/magnoliagrandiFLORA/sernec-portal/MISSA/2023-2-20/MISSA037147.JPG"
"MISSA037148","https://img.cyverse.org/resize?width=4000&url=https://data.cyverse.org/dav-anon/iplant/projects/magnoliagrandiFLORA/sernec-portal/MISSA/2023-2-20/MISSA037148.JPG","https://img.cyverse.org/resize?width=4000&url=https://data.cyverse.org/dav-anon/iplant/projects/magnoliagrandiFLORA/sernec-portal/MISSA/2023-2-20/MISSA037148.JPG","https://img.cyverse.org/thumbnail?height=200&url=https://data.cyverse.org/dav-anon/iplant/projects/magnoliagrandiFLORA/sernec-portal/MISSA/2023-2-20/MISSA037148.JPG","https://img.cyverse.org/resize?width=1250&url=https://data.cyverse.org/dav-anon/iplant/projects/magnoliagrandiFLORA/sernec-portal/MISSA/2023-2-20/MISSA037148.JPG"
"MISSA037149","https://img.cyverse.org/resize?width=4000&url=https://data.cyverse.org/dav-anon/iplant/projects/magnoliagrandiFLORA/sernec-portal/MISSA/2023-2-20/MISSA037149.JPG","https://img.cyverse.org/resize?width=4000&url=https://data.cyverse.org/dav-anon/iplant/projects/magnoliagrandiFLORA/sernec-portal/MISSA/2023-2-20/MISSA037149.JPG","https://img.cyverse.org/thumbnail?height=200&url=https://data.cyverse.org/dav-anon/iplant/projects/magnoliagrandiFLORA/sernec-portal/MISSA/2023-2-20/MISSA037149.JPG","https://img.cyverse.org/resize?width=1250&url=https://data.cyverse.org/dav-anon/iplant/projects/magnoliagrandiFLORA/sernec-portal/MISSA/2023-2-20/MISSA037149.JPG"
"MISSA037150","https://img.cyverse.org/resize?width=4000&url=https://data.cyverse.org/dav-anon/iplant/projects/magnoliagrandiFLORA/sernec-portal/MISSA/2023-2-20/MISSA037150.JPG","https://img.cyverse.org/resize?width=4000&url=https://data.cyverse.org/dav-anon/iplant/projects/magnoliagrandiFLORA/sernec-portal/MISSA/2023-2-20/MISSA037150.JPG","https://img.cyverse.org/thumbnail?height=200&url=https://data.cyverse.org/dav-anon/iplant/projects/magnoliagrandiFLORA/sernec-portal/MISSA/2023-2-20/MISSA037150.JPG","https://img.cyverse.org/resize?width=1250&url=https://data.cyverse.org/dav-anon/iplant/projects/magnoliagrandiFLORA/sernec-portal/MISSA/2023-2-20/MISSA037150.JPG"
"MISSA037151","https://img.cyverse.org/resize?width=4000&url=https://data.cyverse.org/dav-anon/iplant/projects/magnoliagrandiFLORA/sernec-portal/MISSA/2023-2-20/MISSA037151.JPG","https://img.cyverse.org/resize?width=4000&url=https://data.cyverse.org/dav-anon/iplant/projects/magnoliagrandiFLORA/sernec-portal/MISSA/2023-2-20/MISSA037151.JPG","https://img.cyverse.org/thumbnail?height=200&url=https://data.cyverse.org/dav-anon/iplant/projects/magnoliagrandiFLORA/sernec-portal/MISSA/2023-2-20/MISSA037151.JPG","https://img.cyverse.org/resize?width=1250&url=https://data.cyverse.org/dav-anon/iplant/projects/magnoliagrandiFLORA/sernec-portal/MISSA/2023-2-20/MISSA037151.JPG"
"MISSA037152","https://img.cyverse.org/resize?width=4000&url=https://data.cyverse.org/dav-anon/iplant/projects/magnoliagrandiFLORA/sernec-portal/MISSA/2023-2-20/MISSA037152.JPG","https://img.cyverse.org/resize?width=4000&url=https://data.cyverse.org/dav-anon/iplant/projects/magnoliagrandiFLORA/sernec-portal/MISSA/2023-2-20/MISSA037152.JPG","https://img.cyverse.org/thumbnail?height=200&url=https://data.cyverse.org/dav-anon/iplant/projects/magnoliagrandiFLORA/sernec-portal/MISSA/2023-2-20/MISSA037152.JPG","https://img.cyverse.org/resize?width=1250&url=https://data.cyverse.org/dav-anon/iplant/projects/magnoliagrandiFLORA/sernec-portal/MISSA/2023-2-20/MISSA037152.JPG"
"MISSA037153","https://img.cyverse.org/resize?width=4000&url=https://data.cyverse.org/dav-anon/iplant/projects/magnoliagrandiFLORA/sernec-portal/MISSA/2023-2-20/MISSA037153.JPG","https://img.cyverse.org/resize?width=4000&url=https://data.cyverse.org/dav-anon/iplant/projects/magnoliagrandiFLORA/sernec-portal/MISSA/2023-2-20/MISSA037153.JPG","https://img.cyverse.org/thumbnail?height=200&url=https://data.cyverse.org/dav-anon/iplant/projects/magnoliagrandiFLORA/sernec-portal/MISSA/2023-2-20/MISSA037153.JPG","https://img.cyverse.org/resize?width=1250&url=https://data.cyverse.org/dav-anon/iplant/projects/magnoliagrandiFLORA/sernec-portal/MISSA/2023-2-20/MISSA037153.JPG"
"MISSA037154","https://img.cyverse.org/resize?width=4000&url=https://data.cyverse.org/dav-anon/iplant/projects/magnoliagrandiFLORA/sernec-portal/MISSA/2023-2-20/MISSA037154.JPG","https://img.cyverse.org/resize?width=4000&url=https://data.cyverse.org/dav-anon/iplant/projects/magnoliagrandiFLORA/sernec-portal/MISSA/2023-2-20/MISSA037154.JPG","https://img.cyverse.org/thumbnail?height=200&url=https://data.cyverse.org/dav-anon/iplant/projects/magnoliagrandiFLORA/sernec-portal/MISSA/2023-2-20/MISSA037154.JPG","https://img.cyverse.org/resize?width=1250&url=https://data.cyverse.org/dav-anon/iplant/projects/magnoliagrandiFLORA/sernec-portal/MISSA/2023-2-20/MISSA037154.JPG"
"MISSA037155","https://img.cyverse.org/resize?width=4000&url=https://data.cyverse.org/dav-anon/iplant/projects/magnoliagrandiFLORA/sernec-portal/MISSA/2023-2-20/MISSA037155.JPG","https://img.cyverse.org/resize?width=4000&url=https://data.cyverse.org/dav-anon/iplant/projects/magnoliagrandiFLORA/sernec-portal/MISSA/2023-2-20/MISSA037155.JPG","https://img.cyverse.org/thumbnail?height=200&url=https://data.cyverse.org/dav-anon/iplant/projects/magnoliagrandiFLORA/sernec-portal/MISSA/2023-2-20/MISSA037155.JPG","https://img.cyverse.org/resize?width=1250&url=https://data.cyverse.org/dav-anon/iplant/projects/magnoliagrandiFLORA/sernec-portal/MISSA/2023-2-20/MISSA037155.JPG"
"MISSA037156","https://img.cyverse.org/resize?width=4000&url=https://data.cyverse.org/dav-anon/iplant/projects/magnoliagrandiFLORA/sernec-portal/MISSA/2023-2-20/MISSA037156.JPG","https://img.cyverse.org/resize?width=4000&url=https://data.cyverse.org/dav-anon/iplant/projects/magnoliagrandiFLORA/sernec-portal/MISSA/2023-2-20/MISSA037156.JPG","https://img.cyverse.org/thumbnail?height=200&url=https://data.cyverse.org/dav-anon/iplant/projects/magnoliagrandiFLORA/sernec-portal/MISSA/2023-2-20/MISSA037156.JPG","https://img.cyverse.org/resize?width=1250&url=https://data.cyverse.org/dav-anon/iplant/projects/magnoliagrandiFLORA/sernec-portal/MISSA/2023-2-20/MISSA037156.JPG"
"MISSA037157","https://img.cyverse.org/resize?width=4000&url=https://data.cyverse.org/dav-anon/iplant/projects/magnoliagrandiFLORA/sernec-portal/MISSA/2023-2-20/MISSA037157.JPG","https://img.cyverse.org/resize?width=4000&url=https://data.cyverse.org/dav-anon/iplant/projects/magnoliagrandiFLORA/sernec-portal/MISSA/2023-2-20/MISSA037157.JPG","https://img.cyverse.org/thumbnail?height=200&url=https://data.cyverse.org/dav-anon/iplant/projects/magnoliagrandiFLORA/sernec-portal/MISSA/2023-2-20/MISSA037157.JPG","https://img.cyverse.org/resize?width=1250&url=https://data.cyverse.org/dav-anon/iplant/projects/magnoliagrandiFLORA/sernec-portal/MISSA/2023-2-20/MISSA037157.JPG"
"MISSA037158","https://img.cyverse.org/resize?width=4000&url=https://data.cyverse.org/dav-anon/iplant/projects/magnoliagrandiFLORA/sernec-portal/MISSA/2023-2-20/MISSA037158.JPG","https://img.cyverse.org/resize?width=4000&url=https://data.cyverse.org/dav-anon/iplant/projects/magnoliagrandiFLORA/sernec-portal/MISSA/2023-2-20/MISSA037158.JPG","https://img.cyverse.org/thumbnail?height=200&url=https://data.cyverse.org/dav-anon/iplant/projects/magnoliagrandiFLORA/sernec-portal/MISSA/2023-2-20/MISSA037158.JPG","https://img.cyverse.org/resize?width=1250&url=https://data.cyverse.org/dav-anon/iplant/projects/magnoliagrandiFLORA/sernec-portal/MISSA/2023-2-20/MISSA037158.JPG"
"MISSA037159","https://img.cyverse.org/resize?width=4000&url=https://data.cyverse.org/dav-anon/iplant/projects/magnoliagrandiFLORA/sernec-portal/MISSA/2023-2-20/MISSA037159.JPG","https://img.cyverse.org/resize?width=4000&url=https://data.cyverse.org/dav-anon/iplant/projects/magnoliagrandiFLORA/sernec-portal/MISSA/2023-2-20/MISSA037159.JPG","https://img.cyverse.org/thumbnail?height=200&url=https://data.cyverse.org/dav-anon/iplant/projects/magnoliagrandiFLORA/sernec-portal/MISSA/2023-2-20/MISSA037159.JPG","https://img.cyverse.org/resize?width=1250&url=https://data.cyverse.org/dav-anon/iplant/projects/magnoliagrandiFLORA/sernec-portal/MISSA/2023-2-20/MISSA037159.JPG"
"MISSA037160","https://img.cyverse.org/resize?width=4000&url=https://data.cyverse.org/dav-anon/iplant/projects/magnoliagrandiFLORA/sernec-portal/MISSA/2023-2-20/MISSA037160.JPG","https://img.cyverse.org/resize?width=4000&url=https://data.cyverse.org/dav-anon/iplant/projects/magnoliagrandiFLORA/sernec-portal/MISSA/2023-2-20/MISSA037160.JPG","https://img.cyverse.org/thumbnail?height=200&url=https://data.cyverse.org/dav-anon/iplant/projects/magnoliagrandiFLORA/sernec-portal/MISSA/2023-2-20/MISSA037160.JPG","https://img.cyverse.org/resize?width=1250&url=https://data.cyverse.org/dav-anon/iplant/projects/magnoliagrandiFLORA/sernec-portal/MISSA/2023-2-20/MISSA037160.JPG"
"MISSA037161","https://img.cyverse.org/resize?width=4000&url=https://data.cyverse.org/dav-anon/iplant/projects/magnoliagrandiFLORA/sernec-portal/MISSA/2023-2-20/MISSA037161.JPG","https://img.cyverse.org/resize?width=4000&url=https://data.cyverse.org/dav-anon/iplant/projects/magnoliagrandiFLORA/sernec-portal/MISSA/2023-2-20/MISSA037161.JPG","https://img.cyverse.org/thumbnail?height=200&url=https://data.cyverse.org/dav-anon/iplant/projects/magnoliagrandiFLORA/sernec-portal/MISSA/2023-2-20/MISSA037161.JPG","https://img.cyverse.org/resize?width=1250&url=https://data.cyverse.org/dav-anon/iplant/projects/magnoliagrandiFLORA/sernec-portal/MISSA/2023-2-20/MISSA037161.JPG"
"MISSA037162","https://img.cyverse.org/resize?width=4000&url=https://data.cyverse.org/dav-anon/iplant/projects/magnoliagrandiFLORA/sernec-portal/MISSA/2023-2-20/MISSA037162.JPG","https://img.cyverse.org/resize?width=4000&url=https://data.cyverse.org/dav-anon/iplant/projects/magnoliagrandiFLORA/sernec-portal/MISSA/2023-2-20/MISSA037162.JPG","https://img.cyverse.org/thumbnail?height=200&url=https://data.cyverse.org/dav-anon/iplant/projects/magnoliagrandiFLORA/sernec-portal/MISSA/2023-2-20/MISSA037162.JPG","https://img.cyverse.org/resize?width=1250&url=https://data.cyverse.org/dav-anon/iplant/projects/magnoliagrandiFLORA/sernec-portal/MISSA/2023-2-20/MISSA037162.JPG"
"MISSA037163","https://img.cyverse.org/resize?width=4000&url=https://data.cyverse.org/dav-anon/iplant/projects/magnoliagrandiFLORA/sernec-portal/MISSA/2023-2-20/MISSA037163.JPG","https://img.cyverse.org/resize?width=4000&url=https://data.cyverse.org/dav-anon/iplant/projects/magnoliagrandiFLORA/sernec-portal/MISSA/2023-2-20/MISSA037163.JPG","https://img.cyverse.org/thumbnail?height=200&url=https://data.cyverse.org/dav-anon/iplant/projects/magnoliagrandiFLORA/sernec-portal/MISSA/2023-2-20/MISSA037163.JPG","https://img.cyverse.org/resize?width=1250&url=https://data.cyverse.org/dav-anon/iplant/projects/magnoliagrandiFLORA/sernec-portal/MISSA/2023-2-20/MISSA037163.JPG"
"MISSA037164","https://img.cyverse.org/resize?width=4000&url=https://data.cyverse.org/dav-anon/iplant/projects/magnoliagrandiFLORA/sernec-portal/MISSA/2023-2-20/MISSA037164.JPG","https://img.cyverse.org/resize?width=4000&url=https://data.cyverse.org/dav-anon/iplant/projects/magnoliagrandiFLORA/sernec-portal/MISSA/2023-2-20/MISSA037164.JPG","https://img.cyverse.org/thumbnail?height=200&url=https://data.cyverse.org/dav-anon/iplant/projects/magnoliagrandiFLORA/sernec-portal/MISSA/2023-2-20/MISSA037164.JPG","https://img.cyverse.org/resize?width=1250&url=https://data.cyverse.org/dav-anon/iplant/projects/magnoliagrandiFLORA/sernec-portal/MISSA/2023-2-20/MISSA037164.JPG"
"MISSA037165","https://img.cyverse.org/resize?width=4000&url=https://data.cyverse.org/dav-anon/iplant/projects/magnoliagrandiFLORA/sernec-portal/MISSA/2023-2-20/MISSA037165.JPG","https://img.cyverse.org/resize?width=4000&url=https://data.cyverse.org/dav-anon/iplant/projects/magnoliagrandiFLORA/sernec-portal/MISSA/2023-2-20/MISSA037165.JPG","https://img.cyverse.org/thumbnail?height=200&url=https://data.cyverse.org/dav-anon/iplant/projects/magnoliagrandiFLORA/sernec-portal/MISSA/2023-2-20/MISSA037165.JPG","https://img.cyverse.org/resize?width=1250&url=https://data.cyverse.org/dav-anon/iplant/projects/magnoliagrandiFLORA/sernec-portal/MISSA/2023-2-20/MISSA037165.JPG"
"MISSA037166","https://img.cyverse.org/resize?width=4000&url=https://data.cyverse.org/dav-anon/iplant/projects/magnoliagrandiFLORA/sernec-portal/MISSA/2023-2-20/MISSA037166.JPG","https://img.cyverse.org/resize?width=4000&url=https://data.cyverse.org/dav-anon/iplant/projects/magnoliagrandiFLORA/sernec-portal/MISSA/2023-2-20/MISSA037166.JPG","https://img.cyverse.org/thumbnail?height=200&url=https://data.cyverse.org/dav-anon/iplant/projects/magnoliagrandiFLORA/sernec-portal/MISSA/2023-2-20/MISSA037166.JPG","https://img.cyverse.org/resize?width=1250&url=https://data.cyverse.org/dav-anon/iplant/projects/magnoliagrandiFLORA/sernec-portal/MISSA/2023-2-20/MISSA037166.JPG"
"MISSA037167","https://img.cyverse.org/resize?width=4000&url=https://data.cyverse.org/dav-anon/iplant/projects/magnoliagrandiFLORA/sernec-portal/MISSA/2023-2-20/MISSA037167.JPG","https://img.cyverse.org/resize?width=4000&url=https://data.cyverse.org/dav-anon/iplant/projects/magnoliagrandiFLORA/sernec-portal/MISSA/2023-2-20/MISSA037167.JPG","https://img.cyverse.org/thumbnail?height=200&url=https://data.cyverse.org/dav-anon/iplant/projects/magnoliagrandiFLORA/sernec-portal/MISSA/2023-2-20/MISSA037167.JPG","https://img.cyverse.org/resize?width=1250&url=https://data.cyverse.org/dav-anon/iplant/projects/magnoliagrandiFLORA/sernec-portal/MISSA/2023-2-20/MISSA037167.JPG"
"MISSA037168","https://img.cyverse.org/resize?width=4000&url=https://data.cyverse.org/dav-anon/iplant/projects/magnoliagrandiFLORA/sernec-portal/MISSA/2023-2-20/MISSA037168.JPG","https://img.cyverse.org/resize?width=4000&url=https://data.cyverse.org/dav-anon/iplant/projects/magnoliagrandiFLORA/sernec-portal/MISSA/2023-2-20/MISSA037168.JPG","https://img.cyverse.org/thumbnail?height=200&url=https://data.cyverse.org/dav-anon/iplant/projects/magnoliagrandiFLORA/sernec-portal/MISSA/2023-2-20/MISSA037168.JPG","https://img.cyverse.org/resize?width=1250&url=https://data.cyverse.org/dav-anon/iplant/projects/magnoliagrandiFLORA/sernec-portal/MISSA/2023-2-20/MISSA037168.JPG"
"MISSA037169","https://img.cyverse.org/resize?width=4000&url=https://data.cyverse.org/dav-anon/iplant/projects/magnoliagrandiFLORA/sernec-portal/MISSA/2023-2-20/MISSA037169.JPG","https://img.cyverse.org/resize?width=4000&url=https://data.cyverse.org/dav-anon/iplant/projects/magnoliagrandiFLORA/sernec-portal/MISSA/2023-2-20/MISSA037169.JPG","https://img.cyverse.org/thumbnail?height=200&url=https://data.cyverse.org/dav-anon/iplant/projects/magnoliagrandiFLORA/sernec-portal/MISSA/2023-2-20/MISSA037169.JPG","https://img.cyverse.org/resize?width=1250&url=https://data.cyverse.org/dav-anon/iplant/projects/magnoliagrandiFLORA/sernec-portal/MISSA/2023-2-20/MISSA037169.JPG"
"MISSA037170","https://img.cyverse.org/resize?width=4000&url=https://data.cyverse.org/dav-anon/iplant/projects/magnoliagrandiFLORA/sernec-portal/MISSA/2023-2-20/MISSA037170.JPG","https://img.cyverse.org/resize?width=4000&url=https://data.cyverse.org/dav-anon/iplant/projects/magnoliagrandiFLORA/sernec-portal/MISSA/2023-2-20/MISSA037170.JPG","https://img.cyverse.org/thumbnail?height=200&url=https://data.cyverse.org/dav-anon/iplant/projects/magnoliagrandiFLORA/sernec-portal/MISSA/2023-2-20/MISSA037170.JPG","https://img.cyverse.org/resize?width=1250&url=https://data.cyverse.org/dav-anon/iplant/projects/magnoliagrandiFLORA/sernec-portal/MISSA/2023-2-20/MISSA037170.JPG"
"MISSA037171","https://img.cyverse.org/resize?width=4000&url=https://data.cyverse.org/dav-anon/iplant/projects/magnoliagrandiFLORA/sernec-portal/MISSA/2023-2-20/MISSA037171.JPG","https://img.cyverse.org/resize?width=4000&url=https://data.cyverse.org/dav-anon/iplant/projects/magnoliagrandiFLORA/sernec-portal/MISSA/2023-2-20/MISSA037171.JPG","https://img.cyverse.org/thumbnail?height=200&url=https://data.cyverse.org/dav-anon/iplant/projects/magnoliagrandiFLORA/sernec-portal/MISSA/2023-2-20/MISSA037171.JPG","https://img.cyverse.org/resize?width=1250&url=https://data.cyverse.org/dav-anon/iplant/projects/magnoliagrandiFLORA/sernec-portal/MISSA/2023-2-20/MISSA037171.JPG"
"MISSA037172","https://img.cyverse.org/resize?width=4000&url=https://data.cyverse.org/dav-anon/iplant/projects/magnoliagrandiFLORA/sernec-portal/MISSA/2023-2-20/MISSA037172.JPG","https://img.cyverse.org/resize?width=4000&url=https://data.cyverse.org/dav-anon/iplant/projects/magnoliagrandiFLORA/sernec-portal/MISSA/2023-2-20/MISSA037172.JPG","https://img.cyverse.org/thumbnail?height=200&url=https://data.cyverse.org/dav-anon/iplant/projects/magnoliagrandiFLORA/sernec-portal/MISSA/2023-2-20/MISSA037172.JPG","https://img.cyverse.org/resize?width=1250&url=https://data.cyverse.org/dav-anon/iplant/projects/magnoliagrandiFLORA/sernec-portal/MISSA/2023-2-20/MISSA037172.JPG"
"MISSA037173","https://img.cyverse.org/resize?width=4000&url=https://data.cyverse.org/dav-anon/iplant/projects/magnoliagrandiFLORA/sernec-portal/MISSA/2023-2-20/MISSA037173.JPG","https://img.cyverse.org/resize?width=4000&url=https://data.cyverse.org/dav-anon/iplant/projects/magnoliagrandiFLORA/sernec-portal/MISSA/2023-2-20/MISSA037173.JPG","https://img.cyverse.org/thumbnail?height=200&url=https://data.cyverse.org/dav-anon/iplant/projects/magnoliagrandiFLORA/sernec-portal/MISSA/2023-2-20/MISSA037173.JPG","https://img.cyverse.org/resize?width=1250&url=https://data.cyverse.org/dav-anon/iplant/projects/magnoliagrandiFLORA/sernec-portal/MISSA/2023-2-20/MISSA037173.JPG"
"MISSA037174","https://img.cyverse.org/resize?width=4000&url=https://data.cyverse.org/dav-anon/iplant/projects/magnoliagrandiFLORA/sernec-portal/MISSA/2023-2-20/MISSA037174.JPG","https://img.cyverse.org/resize?width=4000&url=https://data.cyverse.org/dav-anon/iplant/projects/magnoliagrandiFLORA/sernec-portal/MISSA/2023-2-20/MISSA037174.JPG","https://img.cyverse.org/thumbnail?height=200&url=https://data.cyverse.org/dav-anon/iplant/projects/magnoliagrandiFLORA/sernec-portal/MISSA/2023-2-20/MISSA037174.JPG","https://img.cyverse.org/resize?width=1250&url=https://data.cyverse.org/dav-anon/iplant/projects/magnoliagrandiFLORA/sernec-portal/MISSA/2023-2-20/MISSA037174.JPG"
"MISSA037175","https://img.cyverse.org/resize?width=4000&url=https://data.cyverse.org/dav-anon/iplant/projects/magnoliagrandiFLORA/sernec-portal/MISSA/2023-2-20/MISSA037175.JPG","https://img.cyverse.org/resize?width=4000&url=https://data.cyverse.org/dav-anon/iplant/projects/magnoliagrandiFLORA/sernec-portal/MISSA/2023-2-20/MISSA037175.JPG","https://img.cyverse.org/thumbnail?height=200&url=https://data.cyverse.org/dav-anon/iplant/projects/magnoliagrandiFLORA/sernec-portal/MISSA/2023-2-20/MISSA037175.JPG","https://img.cyverse.org/resize?width=1250&url=https://data.cyverse.org/dav-anon/iplant/projects/magnoliagrandiFLORA/sernec-portal/MISSA/2023-2-20/MISSA037175.JPG"
"MISSA037176","https://img.cyverse.org/resize?width=4000&url=https://data.cyverse.org/dav-anon/iplant/projects/magnoliagrandiFLORA/sernec-portal/MISSA/2023-2-20/MISSA037176.JPG","https://img.cyverse.org/resize?width=4000&url=https://data.cyverse.org/dav-anon/iplant/projects/magnoliagrandiFLORA/sernec-portal/MISSA/2023-2-20/MISSA037176.JPG","https://img.cyverse.org/thumbnail?height=200&url=https://data.cyverse.org/dav-anon/iplant/projects/magnoliagrandiFLORA/sernec-portal/MISSA/2023-2-20/MISSA037176.JPG","https://img.cyverse.org/resize?width=1250&url=https://data.cyverse.org/dav-anon/iplant/projects/magnoliagrandiFLORA/sernec-portal/MISSA/2023-2-20/MISSA037176.JPG"
"MISSA037177","https://img.cyverse.org/resize?width=4000&url=https://data.cyverse.org/dav-anon/iplant/projects/magnoliagrandiFLORA/sernec-portal/MISSA/2023-2-20/MISSA037177.JPG","https://img.cyverse.org/resize?width=4000&url=https://data.cyverse.org/dav-anon/iplant/projects/magnoliagrandiFLORA/sernec-portal/MISSA/2023-2-20/MISSA037177.JPG","https://img.cyverse.org/thumbnail?height=200&url=https://data.cyverse.org/dav-anon/iplant/projects/magnoliagrandiFLORA/sernec-portal/MISSA/2023-2-20/MISSA037177.JPG","https://img.cyverse.org/resize?width=1250&url=https://data.cyverse.org/dav-anon/iplant/projects/magnoliagrandiFLORA/sernec-portal/MISSA/2023-2-20/MISSA037177.JPG"
"MISSA037178","https://img.cyverse.org/resize?width=4000&url=https://data.cyverse.org/dav-anon/iplant/projects/magnoliagrandiFLORA/sernec-portal/MISSA/2023-2-20/MISSA037178.JPG","https://img.cyverse.org/resize?width=4000&url=https://data.cyverse.org/dav-anon/iplant/projects/magnoliagrandiFLORA/sernec-portal/MISSA/2023-2-20/MISSA037178.JPG","https://img.cyverse.org/thumbnail?height=200&url=https://data.cyverse.org/dav-anon/iplant/projects/magnoliagrandiFLORA/sernec-portal/MISSA/2023-2-20/MISSA037178.JPG","https://img.cyverse.org/resize?width=1250&url=https://data.cyverse.org/dav-anon/iplant/projects/magnoliagrandiFLORA/sernec-portal/MISSA/2023-2-20/MISSA037178.JPG"
"MISSA037179","https://img.cyverse.org/resize?width=4000&url=https://data.cyverse.org/dav-anon/iplant/projects/magnoliagrandiFLORA/sernec-portal/MISSA/2023-2-20/MISSA037179.JPG","https://img.cyverse.org/resize?width=4000&url=https://data.cyverse.org/dav-anon/iplant/projects/magnoliagrandiFLORA/sernec-portal/MISSA/2023-2-20/MISSA037179.JPG","https://img.cyverse.org/thumbnail?height=200&url=https://data.cyverse.org/dav-anon/iplant/projects/magnoliagrandiFLORA/sernec-portal/MISSA/2023-2-20/MISSA037179.JPG","https://img.cyverse.org/resize?width=1250&url=https://data.cyverse.org/dav-anon/iplant/projects/magnoliagrandiFLORA/sernec-portal/MISSA/2023-2-20/MISSA037179.JPG"
"MISSA037180","https://img.cyverse.org/resize?width=4000&url=https://data.cyverse.org/dav-anon/iplant/projects/magnoliagrandiFLORA/sernec-portal/MISSA/2023-2-20/MISSA037180.JPG","https://img.cyverse.org/resize?width=4000&url=https://data.cyverse.org/dav-anon/iplant/projects/magnoliagrandiFLORA/sernec-portal/MISSA/2023-2-20/MISSA037180.JPG","https://img.cyverse.org/thumbnail?height=200&url=https://data.cyverse.org/dav-anon/iplant/projects/magnoliagrandiFLORA/sernec-portal/MISSA/2023-2-20/MISSA037180.JPG","https://img.cyverse.org/resize?width=1250&url=https://data.cyverse.org/dav-anon/iplant/projects/magnoliagrandiFLORA/sernec-portal/MISSA/2023-2-20/MISSA037180.JPG"
"MISSA037181","https://img.cyverse.org/resize?width=4000&url=https://data.cyverse.org/dav-anon/iplant/projects/magnoliagrandiFLORA/sernec-portal/MISSA/2023-2-20/MISSA037181.JPG","https://img.cyverse.org/resize?width=4000&url=https://data.cyverse.org/dav-anon/iplant/projects/magnoliagrandiFLORA/sernec-portal/MISSA/2023-2-20/MISSA037181.JPG","https://img.cyverse.org/thumbnail?height=200&url=https://data.cyverse.org/dav-anon/iplant/projects/magnoliagrandiFLORA/sernec-portal/MISSA/2023-2-20/MISSA037181.JPG","https://img.cyverse.org/resize?width=1250&url=https://data.cyverse.org/dav-anon/iplant/projects/magnoliagrandiFLORA/sernec-portal/MISSA/2023-2-20/MISSA037181.JPG"
"MISSA037182","https://img.cyverse.org/resize?width=4000&url=https://data.cyverse.org/dav-anon/iplant/projects/magnoliagrandiFLORA/sernec-portal/MISSA/2023-2-20/MISSA037182.JPG","https://img.cyverse.org/resize?width=4000&url=https://data.cyverse.org/dav-anon/iplant/projects/magnoliagrandiFLORA/sernec-portal/MISSA/2023-2-20/MISSA037182.JPG","https://img.cyverse.org/thumbnail?height=200&url=https://data.cyverse.org/dav-anon/iplant/projects/magnoliagrandiFLORA/sernec-portal/MISSA/2023-2-20/MISSA037182.JPG","https://img.cyverse.org/resize?width=1250&url=https://data.cyverse.org/dav-anon/iplant/projects/magnoliagrandiFLORA/sernec-portal/MISSA/2023-2-20/MISSA037182.JPG"
"MISSA037183","https://img.cyverse.org/resize?width=4000&url=https://data.cyverse.org/dav-anon/iplant/projects/magnoliagrandiFLORA/sernec-portal/MISSA/2023-2-20/MISSA037183.JPG","https://img.cyverse.org/resize?width=4000&url=https://data.cyverse.org/dav-anon/iplant/projects/magnoliagrandiFLORA/sernec-portal/MISSA/2023-2-20/MISSA037183.JPG","https://img.cyverse.org/thumbnail?height=200&url=https://data.cyverse.org/dav-anon/iplant/projects/magnoliagrandiFLORA/sernec-portal/MISSA/2023-2-20/MISSA037183.JPG","https://img.cyverse.org/resize?width=1250&url=https://data.cyverse.org/dav-anon/iplant/projects/magnoliagrandiFLORA/sernec-portal/MISSA/2023-2-20/MISSA037183.JPG"
"MISSA037184","https://img.cyverse.org/resize?width=4000&url=https://data.cyverse.org/dav-anon/iplant/projects/magnoliagrandiFLORA/sernec-portal/MISSA/2023-2-20/MISSA037184.JPG","https://img.cyverse.org/resize?width=4000&url=https://data.cyverse.org/dav-anon/iplant/projects/magnoliagrandiFLORA/sernec-portal/MISSA/2023-2-20/MISSA037184.JPG","https://img.cyverse.org/thumbnail?height=200&url=https://data.cyverse.org/dav-anon/iplant/projects/magnoliagrandiFLORA/sernec-portal/MISSA/2023-2-20/MISSA037184.JPG","https://img.cyverse.org/resize?width=1250&url=https://data.cyverse.org/dav-anon/iplant/projects/magnoliagrandiFLORA/sernec-portal/MISSA/2023-2-20/MISSA037184.JPG"
"MISSA037185","https://img.cyverse.org/resize?width=4000&url=https://data.cyverse.org/dav-anon/iplant/projects/magnoliagrandiFLORA/sernec-portal/MISSA/2023-2-20/MISSA037185.JPG","https://img.cyverse.org/resize?width=4000&url=https://data.cyverse.org/dav-anon/iplant/projects/magnoliagrandiFLORA/sernec-portal/MISSA/2023-2-20/MISSA037185.JPG","https://img.cyverse.org/thumbnail?height=200&url=https://data.cyverse.org/dav-anon/iplant/projects/magnoliagrandiFLORA/sernec-portal/MISSA/2023-2-20/MISSA037185.JPG","https://img.cyverse.org/resize?width=1250&url=https://data.cyverse.org/dav-anon/iplant/projects/magnoliagrandiFLORA/sernec-portal/MISSA/2023-2-20/MISSA037185.JPG"
"MISSA037186","https://img.cyverse.org/resize?width=4000&url=https://data.cyverse.org/dav-anon/iplant/projects/magnoliagrandiFLORA/sernec-portal/MISSA/2023-2-20/MISSA037186.JPG","https://img.cyverse.org/resize?width=4000&url=https://data.cyverse.org/dav-anon/iplant/projects/magnoliagrandiFLORA/sernec-portal/MISSA/2023-2-20/MISSA037186.JPG","https://img.cyverse.org/thumbnail?height=200&url=https://data.cyverse.org/dav-anon/iplant/projects/magnoliagrandiFLORA/sernec-portal/MISSA/2023-2-20/MISSA037186.JPG","https://img.cyverse.org/resize?width=1250&url=https://data.cyverse.org/dav-anon/iplant/projects/magnoliagrandiFLORA/sernec-portal/MISSA/2023-2-20/MISSA037186.JPG"
"MISSA037187","https://img.cyverse.org/resize?width=4000&url=https://data.cyverse.org/dav-anon/iplant/projects/magnoliagrandiFLORA/sernec-portal/MISSA/2023-2-20/MISSA037187.JPG","https://img.cyverse.org/resize?width=4000&url=https://data.cyverse.org/dav-anon/iplant/projects/magnoliagrandiFLORA/sernec-portal/MISSA/2023-2-20/MISSA037187.JPG","https://img.cyverse.org/thumbnail?height=200&url=https://data.cyverse.org/dav-anon/iplant/projects/magnoliagrandiFLORA/sernec-portal/MISSA/2023-2-20/MISSA037187.JPG","https://img.cyverse.org/resize?width=1250&url=https://data.cyverse.org/dav-anon/iplant/projects/magnoliagrandiFLORA/sernec-portal/MISSA/2023-2-20/MISSA037187.JPG"
"MISSA037188","https://img.cyverse.org/resize?width=4000&url=https://data.cyverse.org/dav-anon/iplant/projects/magnoliagrandiFLORA/sernec-portal/MISSA/2023-2-20/MISSA037188.JPG","https://img.cyverse.org/resize?width=4000&url=https://data.cyverse.org/dav-anon/iplant/projects/magnoliagrandiFLORA/sernec-portal/MISSA/2023-2-20/MISSA037188.JPG","https://img.cyverse.org/thumbnail?height=200&url=https://data.cyverse.org/dav-anon/iplant/projects/magnoliagrandiFLORA/sernec-portal/MISSA/2023-2-20/MISSA037188.JPG","https://img.cyverse.org/resize?width=1250&url=https://data.cyverse.org/dav-anon/iplant/projects/magnoliagrandiFLORA/sernec-portal/MISSA/2023-2-20/MISSA037188.JPG"
"MISSA037189","https://img.cyverse.org/resize?width=4000&url=https://data.cyverse.org/dav-anon/iplant/projects/magnoliagrandiFLORA/sernec-portal/MISSA/2023-2-20/MISSA037189.JPG","https://img.cyverse.org/resize?width=4000&url=https://data.cyverse.org/dav-anon/iplant/projects/magnoliagrandiFLORA/sernec-portal/MISSA/2023-2-20/MISSA037189.JPG","https://img.cyverse.org/thumbnail?height=200&url=https://data.cyverse.org/dav-anon/iplant/projects/magnoliagrandiFLORA/sernec-portal/MISSA/2023-2-20/MISSA037189.JPG","https://img.cyverse.org/resize?width=1250&url=https://data.cyverse.org/dav-anon/iplant/projects/magnoliagrandiFLORA/sernec-portal/MISSA/2023-2-20/MISSA037189.JPG"
"MISSA037190","https://img.cyverse.org/resize?width=4000&url=https://data.cyverse.org/dav-anon/iplant/projects/magnoliagrandiFLORA/sernec-portal/MISSA/2023-2-20/MISSA037190.JPG","https://img.cyverse.org/resize?width=4000&url=https://data.cyverse.org/dav-anon/iplant/projects/magnoliagrandiFLORA/sernec-portal/MISSA/2023-2-20/MISSA037190.JPG","https://img.cyverse.org/thumbnail?height=200&url=https://data.cyverse.org/dav-anon/iplant/projects/magnoliagrandiFLORA/sernec-portal/MISSA/2023-2-20/MISSA037190.JPG","https://img.cyverse.org/resize?width=1250&url=https://data.cyverse.org/dav-anon/iplant/projects/magnoliagrandiFLORA/sernec-portal/MISSA/2023-2-20/MISSA037190.JPG"
"MISSA037191","https://img.cyverse.org/resize?width=4000&url=https://data.cyverse.org/dav-anon/iplant/projects/magnoliagrandiFLORA/sernec-portal/MISSA/2023-2-20/MISSA037191.JPG","https://img.cyverse.org/resize?width=4000&url=https://data.cyverse.org/dav-anon/iplant/projects/magnoliagrandiFLORA/sernec-portal/MISSA/2023-2-20/MISSA037191.JPG","https://img.cyverse.org/thumbnail?height=200&url=https://data.cyverse.org/dav-anon/iplant/projects/magnoliagrandiFLORA/sernec-portal/MISSA/2023-2-20/MISSA037191.JPG","https://img.cyverse.org/resize?width=1250&url=https://data.cyverse.org/dav-anon/iplant/projects/magnoliagrandiFLORA/sernec-portal/MISSA/2023-2-20/MISSA037191.JPG"
"MISSA037192","https://img.cyverse.org/resize?width=4000&url=https://data.cyverse.org/dav-anon/iplant/projects/magnoliagrandiFLORA/sernec-portal/MISSA/2023-2-20/MISSA037192.JPG","https://img.cyverse.org/resize?width=4000&url=https://data.cyverse.org/dav-anon/iplant/projects/magnoliagrandiFLORA/sernec-portal/MISSA/2023-2-20/MISSA037192.JPG","https://img.cyverse.org/thumbnail?height=200&url=https://data.cyverse.org/dav-anon/iplant/projects/magnoliagrandiFLORA/sernec-portal/MISSA/2023-2-20/MISSA037192.JPG","https://img.cyverse.org/resize?width=1250&url=https://data.cyverse.org/dav-anon/iplant/projects/magnoliagrandiFLORA/sernec-portal/MISSA/2023-2-20/MISSA037192.JPG"
"MISSA037193","https://img.cyverse.org/resize?width=4000&url=https://data.cyverse.org/dav-anon/iplant/projects/magnoliagrandiFLORA/sernec-portal/MISSA/2023-2-20/MISSA037193.JPG","https://img.cyverse.org/resize?width=4000&url=https://data.cyverse.org/dav-anon/iplant/projects/magnoliagrandiFLORA/sernec-portal/MISSA/2023-2-20/MISSA037193.JPG","https://img.cyverse.org/thumbnail?height=200&url=https://data.cyverse.org/dav-anon/iplant/projects/magnoliagrandiFLORA/sernec-portal/MISSA/2023-2-20/MISSA037193.JPG","https://img.cyverse.org/resize?width=1250&url=https://data.cyverse.org/dav-anon/iplant/projects/magnoliagrandiFLORA/sernec-portal/MISSA/2023-2-20/MISSA037193.JPG"
"MISSA037194","https://img.cyverse.org/resize?width=4000&url=https://data.cyverse.org/dav-anon/iplant/projects/magnoliagrandiFLORA/sernec-portal/MISSA/2023-2-20/MISSA037194.JPG","https://img.cyverse.org/resize?width=4000&url=https://data.cyverse.org/dav-anon/iplant/projects/magnoliagrandiFLORA/sernec-portal/MISSA/2023-2-20/MISSA037194.JPG","https://img.cyverse.org/thumbnail?height=200&url=https://data.cyverse.org/dav-anon/iplant/projects/magnoliagrandiFLORA/sernec-portal/MISSA/2023-2-20/MISSA037194.JPG","https://img.cyverse.org/resize?width=1250&url=https://data.cyverse.org/dav-anon/iplant/projects/magnoliagrandiFLORA/sernec-portal/MISSA/2023-2-20/MISSA037194.JPG"
"MISSA037195","https://img.cyverse.org/resize?width=4000&url=https://data.cyverse.org/dav-anon/iplant/projects/magnoliagrandiFLORA/sernec-portal/MISSA/2023-2-20/MISSA037195.JPG","https://img.cyverse.org/resize?width=4000&url=https://data.cyverse.org/dav-anon/iplant/projects/magnoliagrandiFLORA/sernec-portal/MISSA/2023-2-20/MISSA037195.JPG","https://img.cyverse.org/thumbnail?height=200&url=https://data.cyverse.org/dav-anon/iplant/projects/magnoliagrandiFLORA/sernec-portal/MISSA/2023-2-20/MISSA037195.JPG","https://img.cyverse.org/resize?width=1250&url=https://data.cyverse.org/dav-anon/iplant/projects/magnoliagrandiFLORA/sernec-portal/MISSA/2023-2-20/MISSA037195.JPG"
"MISSA037196","https://img.cyverse.org/resize?width=4000&url=https://data.cyverse.org/dav-anon/iplant/projects/magnoliagrandiFLORA/sernec-portal/MISSA/2023-2-20/MISSA037196.JPG","https://img.cyverse.org/resize?width=4000&url=https://data.cyverse.org/dav-anon/iplant/projects/magnoliagrandiFLORA/sernec-portal/MISSA/2023-2-20/MISSA037196.JPG","https://img.cyverse.org/thumbnail?height=200&url=https://data.cyverse.org/dav-anon/iplant/projects/magnoliagrandiFLORA/sernec-portal/MISSA/2023-2-20/MISSA037196.JPG","https://img.cyverse.org/resize?width=1250&url=https://data.cyverse.org/dav-anon/iplant/projects/magnoliagrandiFLORA/sernec-portal/MISSA/2023-2-20/MISSA037196.JPG"
"MISSA037197","https://img.cyverse.org/resize?width=4000&url=https://data.cyverse.org/dav-anon/iplant/projects/magnoliagrandiFLORA/sernec-portal/MISSA/2023-2-20/MISSA037197.JPG","https://img.cyverse.org/resize?width=4000&url=https://data.cyverse.org/dav-anon/iplant/projects/magnoliagrandiFLORA/sernec-portal/MISSA/2023-2-20/MISSA037197.JPG","https://img.cyverse.org/thumbnail?height=200&url=https://data.cyverse.org/dav-anon/iplant/projects/magnoliagrandiFLORA/sernec-portal/MISSA/2023-2-20/MISSA037197.JPG","https://img.cyverse.org/resize?width=1250&url=https://data.cyverse.org/dav-anon/iplant/projects/magnoliagrandiFLORA/sernec-portal/MISSA/2023-2-20/MISSA037197.JPG"
"MISSA037198","https://img.cyverse.org/resize?width=4000&url=https://data.cyverse.org/dav-anon/iplant/projects/magnoliagrandiFLORA/sernec-portal/MISSA/2023-2-20/MISSA037198.JPG","https://img.cyverse.org/resize?width=4000&url=https://data.cyverse.org/dav-anon/iplant/projects/magnoliagrandiFLORA/sernec-portal/MISSA/2023-2-20/MISSA037198.JPG","https://img.cyverse.org/thumbnail?height=200&url=https://data.cyverse.org/dav-anon/iplant/projects/magnoliagrandiFLORA/sernec-portal/MISSA/2023-2-20/MISSA037198.JPG","https://img.cyverse.org/resize?width=1250&url=https://data.cyverse.org/dav-anon/iplant/projects/magnoliagrandiFLORA/sernec-portal/MISSA/2023-2-20/MISSA037198.JPG"
"MISSA037199","https://img.cyverse.org/resize?width=4000&url=https://data.cyverse.org/dav-anon/iplant/projects/magnoliagrandiFLORA/sernec-portal/MISSA/2023-2-20/MISSA037199.JPG","https://img.cyverse.org/resize?width=4000&url=https://data.cyverse.org/dav-anon/iplant/projects/magnoliagrandiFLORA/sernec-portal/MISSA/2023-2-20/MISSA037199.JPG","https://img.cyverse.org/thumbnail?height=200&url=https://data.cyverse.org/dav-anon/iplant/projects/magnoliagrandiFLORA/sernec-portal/MISSA/2023-2-20/MISSA037199.JPG","https://img.cyverse.org/resize?width=1250&url=https://data.cyverse.org/dav-anon/iplant/projects/magnoliagrandiFLORA/sernec-portal/MISSA/2023-2-20/MISSA037199.JPG"
"MISSA037200","https://img.cyverse.org/resize?width=4000&url=https://data.cyverse.org/dav-anon/iplant/projects/magnoliagrandiFLORA/sernec-portal/MISSA/2023-2-20/MISSA037200.JPG","https://img.cyverse.org/resize?width=4000&url=https://data.cyverse.org/dav-anon/iplant/projects/magnoliagrandiFLORA/sernec-portal/MISSA/2023-2-20/MISSA037200.JPG","https://img.cyverse.org/thumbnail?height=200&url=https://data.cyverse.org/dav-anon/iplant/projects/magnoliagrandiFLORA/sernec-portal/MISSA/2023-2-20/MISSA037200.JPG","https://img.cyverse.org/resize?width=1250&url=https://data.cyverse.org/dav-anon/iplant/projects/magnoliagrandiFLORA/sernec-portal/MISSA/2023-2-20/MISSA037200.JPG"
"MISSA037201","https://img.cyverse.org/resize?width=4000&url=https://data.cyverse.org/dav-anon/iplant/projects/magnoliagrandiFLORA/sernec-portal/MISSA/2023-2-20/MISSA037201.JPG","https://img.cyverse.org/resize?width=4000&url=https://data.cyverse.org/dav-anon/iplant/projects/magnoliagrandiFLORA/sernec-portal/MISSA/2023-2-20/MISSA037201.JPG","https://img.cyverse.org/thumbnail?height=200&url=https://data.cyverse.org/dav-anon/iplant/projects/magnoliagrandiFLORA/sernec-portal/MISSA/2023-2-20/MISSA037201.JPG","https://img.cyverse.org/resize?width=1250&url=https://data.cyverse.org/dav-anon/iplant/projects/magnoliagrandiFLORA/sernec-portal/MISSA/2023-2-20/MISSA037201.JPG"
"MISSA037202","https://img.cyverse.org/resize?width=4000&url=https://data.cyverse.org/dav-anon/iplant/projects/magnoliagrandiFLORA/sernec-portal/MISSA/2023-2-20/MISSA037202.JPG","https://img.cyverse.org/resize?width=4000&url=https://data.cyverse.org/dav-anon/iplant/projects/magnoliagrandiFLORA/sernec-portal/MISSA/2023-2-20/MISSA037202.JPG","https://img.cyverse.org/thumbnail?height=200&url=https://data.cyverse.org/dav-anon/iplant/projects/magnoliagrandiFLORA/sernec-portal/MISSA/2023-2-20/MISSA037202.JPG","https://img.cyverse.org/resize?width=1250&url=https://data.cyverse.org/dav-anon/iplant/projects/magnoliagrandiFLORA/sernec-portal/MISSA/2023-2-20/MISSA037202.JPG"
"MISSA037203","https://img.cyverse.org/resize?width=4000&url=https://data.cyverse.org/dav-anon/iplant/projects/magnoliagrandiFLORA/sernec-portal/MISSA/2023-2-20/MISSA037203.JPG","https://img.cyverse.org/resize?width=4000&url=https://data.cyverse.org/dav-anon/iplant/projects/magnoliagrandiFLORA/sernec-portal/MISSA/2023-2-20/MISSA037203.JPG","https://img.cyverse.org/thumbnail?height=200&url=https://data.cyverse.org/dav-anon/iplant/projects/magnoliagrandiFLORA/sernec-portal/MISSA/2023-2-20/MISSA037203.JPG","https://img.cyverse.org/resize?width=1250&url=https://data.cyverse.org/dav-anon/iplant/projects/magnoliagrandiFLORA/sernec-portal/MISSA/2023-2-20/MISSA037203.JPG"
"MISSA037204","https://img.cyverse.org/resize?width=4000&url=https://data.cyverse.org/dav-anon/iplant/projects/magnoliagrandiFLORA/sernec-portal/MISSA/2023-2-20/MISSA037204.JPG","https://img.cyverse.org/resize?width=4000&url=https://data.cyverse.org/dav-anon/iplant/projects/magnoliagrandiFLORA/sernec-portal/MISSA/2023-2-20/MISSA037204.JPG","https://img.cyverse.org/thumbnail?height=200&url=https://data.cyverse.org/dav-anon/iplant/projects/magnoliagrandiFLORA/sernec-portal/MISSA/2023-2-20/MISSA037204.JPG","https://img.cyverse.org/resize?width=1250&url=https://data.cyverse.org/dav-anon/iplant/projects/magnoliagrandiFLORA/sernec-portal/MISSA/2023-2-20/MISSA037204.JPG"
"MISSA037205","https://img.cyverse.org/resize?width=4000&url=https://data.cyverse.org/dav-anon/iplant/projects/magnoliagrandiFLORA/sernec-portal/MISSA/2023-2-20/MISSA037205.JPG","https://img.cyverse.org/resize?width=4000&url=https://data.cyverse.org/dav-anon/iplant/projects/magnoliagrandiFLORA/sernec-portal/MISSA/2023-2-20/MISSA037205.JPG","https://img.cyverse.org/thumbnail?height=200&url=https://data.cyverse.org/dav-anon/iplant/projects/magnoliagrandiFLORA/sernec-portal/MISSA/2023-2-20/MISSA037205.JPG","https://img.cyverse.org/resize?width=1250&url=https://data.cyverse.org/dav-anon/iplant/projects/magnoliagrandiFLORA/sernec-portal/MISSA/2023-2-20/MISSA037205.JPG"
"MISSA037206","https://img.cyverse.org/resize?width=4000&url=https://data.cyverse.org/dav-anon/iplant/projects/magnoliagrandiFLORA/sernec-portal/MISSA/2023-2-20/MISSA037206.JPG","https://img.cyverse.org/resize?width=4000&url=https://data.cyverse.org/dav-anon/iplant/projects/magnoliagrandiFLORA/sernec-portal/MISSA/2023-2-20/MISSA037206.JPG","https://img.cyverse.org/thumbnail?height=200&url=https://data.cyverse.org/dav-anon/iplant/projects/magnoliagrandiFLORA/sernec-portal/MISSA/2023-2-20/MISSA037206.JPG","https://img.cyverse.org/resize?width=1250&url=https://data.cyverse.org/dav-anon/iplant/projects/magnoliagrandiFLORA/sernec-portal/MISSA/2023-2-20/MISSA037206.JPG"
"MISSA037207","https://img.cyverse.org/resize?width=4000&url=https://data.cyverse.org/dav-anon/iplant/projects/magnoliagrandiFLORA/sernec-portal/MISSA/2023-2-20/MISSA037207.JPG","https://img.cyverse.org/resize?width=4000&url=https://data.cyverse.org/dav-anon/iplant/projects/magnoliagrandiFLORA/sernec-portal/MISSA/2023-2-20/MISSA037207.JPG","https://img.cyverse.org/thumbnail?height=200&url=https://data.cyverse.org/dav-anon/iplant/projects/magnoliagrandiFLORA/sernec-portal/MISSA/2023-2-20/MISSA037207.JPG","https://img.cyverse.org/resize?width=1250&url=https://data.cyverse.org/dav-anon/iplant/projects/magnoliagrandiFLORA/sernec-portal/MISSA/2023-2-20/MISSA037207.JPG"
"MISSA037208","https://img.cyverse.org/resize?width=4000&url=https://data.cyverse.org/dav-anon/iplant/projects/magnoliagrandiFLORA/sernec-portal/MISSA/2023-2-20/MISSA037208.JPG","https://img.cyverse.org/resize?width=4000&url=https://data.cyverse.org/dav-anon/iplant/projects/magnoliagrandiFLORA/sernec-portal/MISSA/2023-2-20/MISSA037208.JPG","https://img.cyverse.org/thumbnail?height=200&url=https://data.cyverse.org/dav-anon/iplant/projects/magnoliagrandiFLORA/sernec-portal/MISSA/2023-2-20/MISSA037208.JPG","https://img.cyverse.org/resize?width=1250&url=https://data.cyverse.org/dav-anon/iplant/projects/magnoliagrandiFLORA/sernec-portal/MISSA/2023-2-20/MISSA037208.JPG"
"MISSA037209","https://img.cyverse.org/resize?width=4000&url=https://data.cyverse.org/dav-anon/iplant/projects/magnoliagrandiFLORA/sernec-portal/MISSA/2023-2-20/MISSA037209.JPG","https://img.cyverse.org/resize?width=4000&url=https://data.cyverse.org/dav-anon/iplant/projects/magnoliagrandiFLORA/sernec-portal/MISSA/2023-2-20/MISSA037209.JPG","https://img.cyverse.org/thumbnail?height=200&url=https://data.cyverse.org/dav-anon/iplant/projects/magnoliagrandiFLORA/sernec-portal/MISSA/2023-2-20/MISSA037209.JPG","https://img.cyverse.org/resize?width=1250&url=https://data.cyverse.org/dav-anon/iplant/projects/magnoliagrandiFLORA/sernec-portal/MISSA/2023-2-20/MISSA037209.JPG"
"MISSA037210","https://img.cyverse.org/resize?width=4000&url=https://data.cyverse.org/dav-anon/iplant/projects/magnoliagrandiFLORA/sernec-portal/MISSA/2023-2-20/MISSA037210.JPG","https://img.cyverse.org/resize?width=4000&url=https://data.cyverse.org/dav-anon/iplant/projects/magnoliagrandiFLORA/sernec-portal/MISSA/2023-2-20/MISSA037210.JPG","https://img.cyverse.org/thumbnail?height=200&url=https://data.cyverse.org/dav-anon/iplant/projects/magnoliagrandiFLORA/sernec-portal/MISSA/2023-2-20/MISSA037210.JPG","https://img.cyverse.org/resize?width=1250&url=https://data.cyverse.org/dav-anon/iplant/projects/magnoliagrandiFLORA/sernec-portal/MISSA/2023-2-20/MISSA037210.JPG"
"MISSA037211","https://img.cyverse.org/resize?width=4000&url=https://data.cyverse.org/dav-anon/iplant/projects/magnoliagrandiFLORA/sernec-portal/MISSA/2023-2-20/MISSA037211.JPG","https://img.cyverse.org/resize?width=4000&url=https://data.cyverse.org/dav-anon/iplant/projects/magnoliagrandiFLORA/sernec-portal/MISSA/2023-2-20/MISSA037211.JPG","https://img.cyverse.org/thumbnail?height=200&url=https://data.cyverse.org/dav-anon/iplant/projects/magnoliagrandiFLORA/sernec-portal/MISSA/2023-2-20/MISSA037211.JPG","https://img.cyverse.org/resize?width=1250&url=https://data.cyverse.org/dav-anon/iplant/projects/magnoliagrandiFLORA/sernec-portal/MISSA/2023-2-20/MISSA037211.JPG"
"MISSA037212","https://img.cyverse.org/resize?width=4000&url=https://data.cyverse.org/dav-anon/iplant/projects/magnoliagrandiFLORA/sernec-portal/MISSA/2023-2-20/MISSA037212.JPG","https://img.cyverse.org/resize?width=4000&url=https://data.cyverse.org/dav-anon/iplant/projects/magnoliagrandiFLORA/sernec-portal/MISSA/2023-2-20/MISSA037212.JPG","https://img.cyverse.org/thumbnail?height=200&url=https://data.cyverse.org/dav-anon/iplant/projects/magnoliagrandiFLORA/sernec-portal/MISSA/2023-2-20/MISSA037212.JPG","https://img.cyverse.org/resize?width=1250&url=https://data.cyverse.org/dav-anon/iplant/projects/magnoliagrandiFLORA/sernec-portal/MISSA/2023-2-20/MISSA037212.JPG"
"MISSA037213","https://img.cyverse.org/resize?width=4000&url=https://data.cyverse.org/dav-anon/iplant/projects/magnoliagrandiFLORA/sernec-portal/MISSA/2023-2-20/MISSA037213.JPG","https://img.cyverse.org/resize?width=4000&url=https://data.cyverse.org/dav-anon/iplant/projects/magnoliagrandiFLORA/sernec-portal/MISSA/2023-2-20/MISSA037213.JPG","https://img.cyverse.org/thumbnail?height=200&url=https://data.cyverse.org/dav-anon/iplant/projects/magnoliagrandiFLORA/sernec-portal/MISSA/2023-2-20/MISSA037213.JPG","https://img.cyverse.org/resize?width=1250&url=https://data.cyverse.org/dav-anon/iplant/projects/magnoliagrandiFLORA/sernec-portal/MISSA/2023-2-20/MISSA037213.JPG"
"MISSA037214","https://img.cyverse.org/resize?width=4000&url=https://data.cyverse.org/dav-anon/iplant/projects/magnoliagrandiFLORA/sernec-portal/MISSA/2023-2-20/MISSA037214.JPG","https://img.cyverse.org/resize?width=4000&url=https://data.cyverse.org/dav-anon/iplant/projects/magnoliagrandiFLORA/sernec-portal/MISSA/2023-2-20/MISSA037214.JPG","https://img.cyverse.org/thumbnail?height=200&url=https://data.cyverse.org/dav-anon/iplant/projects/magnoliagrandiFLORA/sernec-portal/MISSA/2023-2-20/MISSA037214.JPG","https://img.cyverse.org/resize?width=1250&url=https://data.cyverse.org/dav-anon/iplant/projects/magnoliagrandiFLORA/sernec-portal/MISSA/2023-2-20/MISSA037214.JPG"
"MISSA037215","https://img.cyverse.org/resize?width=4000&url=https://data.cyverse.org/dav-anon/iplant/projects/magnoliagrandiFLORA/sernec-portal/MISSA/2023-2-20/MISSA037215.JPG","https://img.cyverse.org/resize?width=4000&url=https://data.cyverse.org/dav-anon/iplant/projects/magnoliagrandiFLORA/sernec-portal/MISSA/2023-2-20/MISSA037215.JPG","https://img.cyverse.org/thumbnail?height=200&url=https://data.cyverse.org/dav-anon/iplant/projects/magnoliagrandiFLORA/sernec-portal/MISSA/2023-2-20/MISSA037215.JPG","https://img.cyverse.org/resize?width=1250&url=https://data.cyverse.org/dav-anon/iplant/projects/magnoliagrandiFLORA/sernec-portal/MISSA/2023-2-20/MISSA037215.JPG"
"MISSA037216","https://img.cyverse.org/resize?width=4000&url=https://data.cyverse.org/dav-anon/iplant/projects/magnoliagrandiFLORA/sernec-portal/MISSA/2023-2-20/MISSA037216.JPG","https://img.cyverse.org/resize?width=4000&url=https://data.cyverse.org/dav-anon/iplant/projects/magnoliagrandiFLORA/sernec-portal/MISSA/2023-2-20/MISSA037216.JPG","https://img.cyverse.org/thumbnail?height=200&url=https://data.cyverse.org/dav-anon/iplant/projects/magnoliagrandiFLORA/sernec-portal/MISSA/2023-2-20/MISSA037216.JPG","https://img.cyverse.org/resize?width=1250&url=https://data.cyverse.org/dav-anon/iplant/projects/magnoliagrandiFLORA/sernec-portal/MISSA/2023-2-20/MISSA037216.JPG"
"MISSA037217","https://img.cyverse.org/resize?width=4000&url=https://data.cyverse.org/dav-anon/iplant/projects/magnoliagrandiFLORA/sernec-portal/MISSA/2023-2-20/MISSA037217.JPG","https://img.cyverse.org/resize?width=4000&url=https://data.cyverse.org/dav-anon/iplant/projects/magnoliagrandiFLORA/sernec-portal/MISSA/2023-2-20/MISSA037217.JPG","https://img.cyverse.org/thumbnail?height=200&url=https://data.cyverse.org/dav-anon/iplant/projects/magnoliagrandiFLORA/sernec-portal/MISSA/2023-2-20/MISSA037217.JPG","https://img.cyverse.org/resize?width=1250&url=https://data.cyverse.org/dav-anon/iplant/projects/magnoliagrandiFLORA/sernec-portal/MISSA/2023-2-20/MISSA037217.JPG"
"MISSA037218","https://img.cyverse.org/resize?width=4000&url=https://data.cyverse.org/dav-anon/iplant/projects/magnoliagrandiFLORA/sernec-portal/MISSA/2023-2-20/MISSA037218.JPG","https://img.cyverse.org/resize?width=4000&url=https://data.cyverse.org/dav-anon/iplant/projects/magnoliagrandiFLORA/sernec-portal/MISSA/2023-2-20/MISSA037218.JPG","https://img.cyverse.org/thumbnail?height=200&url=https://data.cyverse.org/dav-anon/iplant/projects/magnoliagrandiFLORA/sernec-portal/MISSA/2023-2-20/MISSA037218.JPG","https://img.cyverse.org/resize?width=1250&url=https://data.cyverse.org/dav-anon/iplant/projects/magnoliagrandiFLORA/sernec-portal/MISSA/2023-2-20/MISSA037218.JPG"
"MISSA037219","https://img.cyverse.org/resize?width=4000&url=https://data.cyverse.org/dav-anon/iplant/projects/magnoliagrandiFLORA/sernec-portal/MISSA/2023-2-20/MISSA037219.JPG","https://img.cyverse.org/resize?width=4000&url=https://data.cyverse.org/dav-anon/iplant/projects/magnoliagrandiFLORA/sernec-portal/MISSA/2023-2-20/MISSA037219.JPG","https://img.cyverse.org/thumbnail?height=200&url=https://data.cyverse.org/dav-anon/iplant/projects/magnoliagrandiFLORA/sernec-portal/MISSA/2023-2-20/MISSA037219.JPG","https://img.cyverse.org/resize?width=1250&url=https://data.cyverse.org/dav-anon/iplant/projects/magnoliagrandiFLORA/sernec-portal/MISSA/2023-2-20/MISSA037219.JPG"
"MISSA037220","https://img.cyverse.org/resize?width=4000&url=https://data.cyverse.org/dav-anon/iplant/projects/magnoliagrandiFLORA/sernec-portal/MISSA/2023-2-20/MISSA037220.JPG","https://img.cyverse.org/resize?width=4000&url=https://data.cyverse.org/dav-anon/iplant/projects/magnoliagrandiFLORA/sernec-portal/MISSA/2023-2-20/MISSA037220.JPG","https://img.cyverse.org/thumbnail?height=200&url=https://data.cyverse.org/dav-anon/iplant/projects/magnoliagrandiFLORA/sernec-portal/MISSA/2023-2-20/MISSA037220.JPG","https://img.cyverse.org/resize?width=1250&url=https://data.cyverse.org/dav-anon/iplant/projects/magnoliagrandiFLORA/sernec-portal/MISSA/2023-2-20/MISSA037220.JPG"
"MISSA037221","https://img.cyverse.org/resize?width=4000&url=https://data.cyverse.org/dav-anon/iplant/projects/magnoliagrandiFLORA/sernec-portal/MISSA/2023-2-20/MISSA037221.JPG","https://img.cyverse.org/resize?width=4000&url=https://data.cyverse.org/dav-anon/iplant/projects/magnoliagrandiFLORA/sernec-portal/MISSA/2023-2-20/MISSA037221.JPG","https://img.cyverse.org/thumbnail?height=200&url=https://data.cyverse.org/dav-anon/iplant/projects/magnoliagrandiFLORA/sernec-portal/MISSA/2023-2-20/MISSA037221.JPG","https://img.cyverse.org/resize?width=1250&url=https://data.cyverse.org/dav-anon/iplant/projects/magnoliagrandiFLORA/sernec-portal/MISSA/2023-2-20/MISSA037221.JPG"
"MISSA037222","https://img.cyverse.org/resize?width=4000&url=https://data.cyverse.org/dav-anon/iplant/projects/magnoliagrandiFLORA/sernec-portal/MISSA/2023-2-20/MISSA037222.JPG","https://img.cyverse.org/resize?width=4000&url=https://data.cyverse.org/dav-anon/iplant/projects/magnoliagrandiFLORA/sernec-portal/MISSA/2023-2-20/MISSA037222.JPG","https://img.cyverse.org/thumbnail?height=200&url=https://data.cyverse.org/dav-anon/iplant/projects/magnoliagrandiFLORA/sernec-portal/MISSA/2023-2-20/MISSA037222.JPG","https://img.cyverse.org/resize?width=1250&url=https://data.cyverse.org/dav-anon/iplant/projects/magnoliagrandiFLORA/sernec-portal/MISSA/2023-2-20/MISSA037222.JPG"
"MISSA037223","https://img.cyverse.org/resize?width=4000&url=https://data.cyverse.org/dav-anon/iplant/projects/magnoliagrandiFLORA/sernec-portal/MISSA/2023-2-20/MISSA037223.JPG","https://img.cyverse.org/resize?width=4000&url=https://data.cyverse.org/dav-anon/iplant/projects/magnoliagrandiFLORA/sernec-portal/MISSA/2023-2-20/MISSA037223.JPG","https://img.cyverse.org/thumbnail?height=200&url=https://data.cyverse.org/dav-anon/iplant/projects/magnoliagrandiFLORA/sernec-portal/MISSA/2023-2-20/MISSA037223.JPG","https://img.cyverse.org/resize?width=1250&url=https://data.cyverse.org/dav-anon/iplant/projects/magnoliagrandiFLORA/sernec-portal/MISSA/2023-2-20/MISSA037223.JPG"
"MISSA037224","https://img.cyverse.org/resize?width=4000&url=https://data.cyverse.org/dav-anon/iplant/projects/magnoliagrandiFLORA/sernec-portal/MISSA/2023-2-20/MISSA037224.JPG","https://img.cyverse.org/resize?width=4000&url=https://data.cyverse.org/dav-anon/iplant/projects/magnoliagrandiFLORA/sernec-portal/MISSA/2023-2-20/MISSA037224.JPG","https://img.cyverse.org/thumbnail?height=200&url=https://data.cyverse.org/dav-anon/iplant/projects/magnoliagrandiFLORA/sernec-portal/MISSA/2023-2-20/MISSA037224.JPG","https://img.cyverse.org/resize?width=1250&url=https://data.cyverse.org/dav-anon/iplant/projects/magnoliagrandiFLORA/sernec-portal/MISSA/2023-2-20/MISSA037224.JPG"
"MISSA037225","https://img.cyverse.org/resize?width=4000&url=https://data.cyverse.org/dav-anon/iplant/projects/magnoliagrandiFLORA/sernec-portal/MISSA/2023-2-20/MISSA037225.JPG","https://img.cyverse.org/resize?width=4000&url=https://data.cyverse.org/dav-anon/iplant/projects/magnoliagrandiFLORA/sernec-portal/MISSA/2023-2-20/MISSA037225.JPG","https://img.cyverse.org/thumbnail?height=200&url=https://data.cyverse.org/dav-anon/iplant/projects/magnoliagrandiFLORA/sernec-portal/MISSA/2023-2-20/MISSA037225.JPG","https://img.cyverse.org/resize?width=1250&url=https://data.cyverse.org/dav-anon/iplant/projects/magnoliagrandiFLORA/sernec-portal/MISSA/2023-2-20/MISSA037225.JPG"
"MISSA037226","https://img.cyverse.org/resize?width=4000&url=https://data.cyverse.org/dav-anon/iplant/projects/magnoliagrandiFLORA/sernec-portal/MISSA/2023-2-20/MISSA037226.JPG","https://img.cyverse.org/resize?width=4000&url=https://data.cyverse.org/dav-anon/iplant/projects/magnoliagrandiFLORA/sernec-portal/MISSA/2023-2-20/MISSA037226.JPG","https://img.cyverse.org/thumbnail?height=200&url=https://data.cyverse.org/dav-anon/iplant/projects/magnoliagrandiFLORA/sernec-portal/MISSA/2023-2-20/MISSA037226.JPG","https://img.cyverse.org/resize?width=1250&url=https://data.cyverse.org/dav-anon/iplant/projects/magnoliagrandiFLORA/sernec-portal/MISSA/2023-2-20/MISSA037226.JPG"
"MISSA037227","https://img.cyverse.org/resize?width=4000&url=https://data.cyverse.org/dav-anon/iplant/projects/magnoliagrandiFLORA/sernec-portal/MISSA/2023-2-20/MISSA037227.JPG","https://img.cyverse.org/resize?width=4000&url=https://data.cyverse.org/dav-anon/iplant/projects/magnoliagrandiFLORA/sernec-portal/MISSA/2023-2-20/MISSA037227.JPG","https://img.cyverse.org/thumbnail?height=200&url=https://data.cyverse.org/dav-anon/iplant/projects/magnoliagrandiFLORA/sernec-portal/MISSA/2023-2-20/MISSA037227.JPG","https://img.cyverse.org/resize?width=1250&url=https://data.cyverse.org/dav-anon/iplant/projects/magnoliagrandiFLORA/sernec-portal/MISSA/2023-2-20/MISSA037227.JPG"
"MISSA037228","https://img.cyverse.org/resize?width=4000&url=https://data.cyverse.org/dav-anon/iplant/projects/magnoliagrandiFLORA/sernec-portal/MISSA/2023-2-20/MISSA037228.JPG","https://img.cyverse.org/resize?width=4000&url=https://data.cyverse.org/dav-anon/iplant/projects/magnoliagrandiFLORA/sernec-portal/MISSA/2023-2-20/MISSA037228.JPG","https://img.cyverse.org/thumbnail?height=200&url=https://data.cyverse.org/dav-anon/iplant/projects/magnoliagrandiFLORA/sernec-portal/MISSA/2023-2-20/MISSA037228.JPG","https://img.cyverse.org/resize?width=1250&url=https://data.cyverse.org/dav-anon/iplant/projects/magnoliagrandiFLORA/sernec-portal/MISSA/2023-2-20/MISSA037228.JPG"
"MISSA037229","https://img.cyverse.org/resize?width=4000&url=https://data.cyverse.org/dav-anon/iplant/projects/magnoliagrandiFLORA/sernec-portal/MISSA/2023-2-20/MISSA037229.JPG","https://img.cyverse.org/resize?width=4000&url=https://data.cyverse.org/dav-anon/iplant/projects/magnoliagrandiFLORA/sernec-portal/MISSA/2023-2-20/MISSA037229.JPG","https://img.cyverse.org/thumbnail?height=200&url=https://data.cyverse.org/dav-anon/iplant/projects/magnoliagrandiFLORA/sernec-portal/MISSA/2023-2-20/MISSA037229.JPG","https://img.cyverse.org/resize?width=1250&url=https://data.cyverse.org/dav-anon/iplant/projects/magnoliagrandiFLORA/sernec-portal/MISSA/2023-2-20/MISSA037229.JPG"
"MISSA037230","https://img.cyverse.org/resize?width=4000&url=https://data.cyverse.org/dav-anon/iplant/projects/magnoliagrandiFLORA/sernec-portal/MISSA/2023-2-20/MISSA037230.JPG","https://img.cyverse.org/resize?width=4000&url=https://data.cyverse.org/dav-anon/iplant/projects/magnoliagrandiFLORA/sernec-portal/MISSA/2023-2-20/MISSA037230.JPG","https://img.cyverse.org/thumbnail?height=200&url=https://data.cyverse.org/dav-anon/iplant/projects/magnoliagrandiFLORA/sernec-portal/MISSA/2023-2-20/MISSA037230.JPG","https://img.cyverse.org/resize?width=1250&url=https://data.cyverse.org/dav-anon/iplant/projects/magnoliagrandiFLORA/sernec-portal/MISSA/2023-2-20/MISSA037230.JPG"
"MISSA037231","https://img.cyverse.org/resize?width=4000&url=https://data.cyverse.org/dav-anon/iplant/projects/magnoliagrandiFLORA/sernec-portal/MISSA/2023-2-20/MISSA037231.JPG","https://img.cyverse.org/resize?width=4000&url=https://data.cyverse.org/dav-anon/iplant/projects/magnoliagrandiFLORA/sernec-portal/MISSA/2023-2-20/MISSA037231.JPG","https://img.cyverse.org/thumbnail?height=200&url=https://data.cyverse.org/dav-anon/iplant/projects/magnoliagrandiFLORA/sernec-portal/MISSA/2023-2-20/MISSA037231.JPG","https://img.cyverse.org/resize?width=1250&url=https://data.cyverse.org/dav-anon/iplant/projects/magnoliagrandiFLORA/sernec-portal/MISSA/2023-2-20/MISSA037231.JPG"
"MISSA037232","https://img.cyverse.org/resize?width=4000&url=https://data.cyverse.org/dav-anon/iplant/projects/magnoliagrandiFLORA/sernec-portal/MISSA/2023-2-20/MISSA037232.JPG","https://img.cyverse.org/resize?width=4000&url=https://data.cyverse.org/dav-anon/iplant/projects/magnoliagrandiFLORA/sernec-portal/MISSA/2023-2-20/MISSA037232.JPG","https://img.cyverse.org/thumbnail?height=200&url=https://data.cyverse.org/dav-anon/iplant/projects/magnoliagrandiFLORA/sernec-portal/MISSA/2023-2-20/MISSA037232.JPG","https://img.cyverse.org/resize?width=1250&url=https://data.cyverse.org/dav-anon/iplant/projects/magnoliagrandiFLORA/sernec-portal/MISSA/2023-2-20/MISSA037232.JPG"
"MISSA037233","https://img.cyverse.org/resize?width=4000&url=https://data.cyverse.org/dav-anon/iplant/projects/magnoliagrandiFLORA/sernec-portal/MISSA/2023-2-20/MISSA037233.JPG","https://img.cyverse.org/resize?width=4000&url=https://data.cyverse.org/dav-anon/iplant/projects/magnoliagrandiFLORA/sernec-portal/MISSA/2023-2-20/MISSA037233.JPG","https://img.cyverse.org/thumbnail?height=200&url=https://data.cyverse.org/dav-anon/iplant/projects/magnoliagrandiFLORA/sernec-portal/MISSA/2023-2-20/MISSA037233.JPG","https://img.cyverse.org/resize?width=1250&url=https://data.cyverse.org/dav-anon/iplant/projects/magnoliagrandiFLORA/sernec-portal/MISSA/2023-2-20/MISSA037233.JPG"
"MISSA037234","https://img.cyverse.org/resize?width=4000&url=https://data.cyverse.org/dav-anon/iplant/projects/magnoliagrandiFLORA/sernec-portal/MISSA/2023-2-20/MISSA037234.JPG","https://img.cyverse.org/resize?width=4000&url=https://data.cyverse.org/dav-anon/iplant/projects/magnoliagrandiFLORA/sernec-portal/MISSA/2023-2-20/MISSA037234.JPG","https://img.cyverse.org/thumbnail?height=200&url=https://data.cyverse.org/dav-anon/iplant/projects/magnoliagrandiFLORA/sernec-portal/MISSA/2023-2-20/MISSA037234.JPG","https://img.cyverse.org/resize?width=1250&url=https://data.cyverse.org/dav-anon/iplant/projects/magnoliagrandiFLORA/sernec-portal/MISSA/2023-2-20/MISSA037234.JPG"
"MISSA037235","https://img.cyverse.org/resize?width=4000&url=https://data.cyverse.org/dav-anon/iplant/projects/magnoliagrandiFLORA/sernec-portal/MISSA/2023-2-20/MISSA037235.JPG","https://img.cyverse.org/resize?width=4000&url=https://data.cyverse.org/dav-anon/iplant/projects/magnoliagrandiFLORA/sernec-portal/MISSA/2023-2-20/MISSA037235.JPG","https://img.cyverse.org/thumbnail?height=200&url=https://data.cyverse.org/dav-anon/iplant/projects/magnoliagrandiFLORA/sernec-portal/MISSA/2023-2-20/MISSA037235.JPG","https://img.cyverse.org/resize?width=1250&url=https://data.cyverse.org/dav-anon/iplant/projects/magnoliagrandiFLORA/sernec-portal/MISSA/2023-2-20/MISSA037235.JPG"
"MISSA037236","https://img.cyverse.org/resize?width=4000&url=https://data.cyverse.org/dav-anon/iplant/projects/magnoliagrandiFLORA/sernec-portal/MISSA/2023-2-20/MISSA037236.JPG","https://img.cyverse.org/resize?width=4000&url=https://data.cyverse.org/dav-anon/iplant/projects/magnoliagrandiFLORA/sernec-portal/MISSA/2023-2-20/MISSA037236.JPG","https://img.cyverse.org/thumbnail?height=200&url=https://data.cyverse.org/dav-anon/iplant/projects/magnoliagrandiFLORA/sernec-portal/MISSA/2023-2-20/MISSA037236.JPG","https://img.cyverse.org/resize?width=1250&url=https://data.cyverse.org/dav-anon/iplant/projects/magnoliagrandiFLORA/sernec-portal/MISSA/2023-2-20/MISSA037236.JPG"
"MISSA037237","https://img.cyverse.org/resize?width=4000&url=https://data.cyverse.org/dav-anon/iplant/projects/magnoliagrandiFLORA/sernec-portal/MISSA/2023-2-20/MISSA037237.JPG","https://img.cyverse.org/resize?width=4000&url=https://data.cyverse.org/dav-anon/iplant/projects/magnoliagrandiFLORA/sernec-portal/MISSA/2023-2-20/MISSA037237.JPG","https://img.cyverse.org/thumbnail?height=200&url=https://data.cyverse.org/dav-anon/iplant/projects/magnoliagrandiFLORA/sernec-portal/MISSA/2023-2-20/MISSA037237.JPG","https://img.cyverse.org/resize?width=1250&url=https://data.cyverse.org/dav-anon/iplant/projects/magnoliagrandiFLORA/sernec-portal/MISSA/2023-2-20/MISSA037237.JPG"
"MISSA037238","https://img.cyverse.org/resize?width=4000&url=https://data.cyverse.org/dav-anon/iplant/projects/magnoliagrandiFLORA/sernec-portal/MISSA/2023-2-20/MISSA037238.JPG","https://img.cyverse.org/resize?width=4000&url=https://data.cyverse.org/dav-anon/iplant/projects/magnoliagrandiFLORA/sernec-portal/MISSA/2023-2-20/MISSA037238.JPG","https://img.cyverse.org/thumbnail?height=200&url=https://data.cyverse.org/dav-anon/iplant/projects/magnoliagrandiFLORA/sernec-portal/MISSA/2023-2-20/MISSA037238.JPG","https://img.cyverse.org/resize?width=1250&url=https://data.cyverse.org/dav-anon/iplant/projects/magnoliagrandiFLORA/sernec-portal/MISSA/2023-2-20/MISSA037238.JPG"
"MISSA037239","https://img.cyverse.org/resize?width=4000&url=https://data.cyverse.org/dav-anon/iplant/projects/magnoliagrandiFLORA/sernec-portal/MISSA/2023-2-20/MISSA037239.JPG","https://img.cyverse.org/resize?width=4000&url=https://data.cyverse.org/dav-anon/iplant/projects/magnoliagrandiFLORA/sernec-portal/MISSA/2023-2-20/MISSA037239.JPG","https://img.cyverse.org/thumbnail?height=200&url=https://data.cyverse.org/dav-anon/iplant/projects/magnoliagrandiFLORA/sernec-portal/MISSA/2023-2-20/MISSA037239.JPG","https://img.cyverse.org/resize?width=1250&url=https://data.cyverse.org/dav-anon/iplant/projects/magnoliagrandiFLORA/sernec-portal/MISSA/2023-2-20/MISSA037239.JPG"
"MISSA037240","https://img.cyverse.org/resize?width=4000&url=https://data.cyverse.org/dav-anon/iplant/projects/magnoliagrandiFLORA/sernec-portal/MISSA/2023-2-20/MISSA037240.JPG","https://img.cyverse.org/resize?width=4000&url=https://data.cyverse.org/dav-anon/iplant/projects/magnoliagrandiFLORA/sernec-portal/MISSA/2023-2-20/MISSA037240.JPG","https://img.cyverse.org/thumbnail?height=200&url=https://data.cyverse.org/dav-anon/iplant/projects/magnoliagrandiFLORA/sernec-portal/MISSA/2023-2-20/MISSA037240.JPG","https://img.cyverse.org/resize?width=1250&url=https://data.cyverse.org/dav-anon/iplant/projects/magnoliagrandiFLORA/sernec-portal/MISSA/2023-2-20/MISSA037240.JPG"
"MISSA037241","https://img.cyverse.org/resize?width=4000&url=https://data.cyverse.org/dav-anon/iplant/projects/magnoliagrandiFLORA/sernec-portal/MISSA/2023-2-20/MISSA037241.JPG","https://img.cyverse.org/resize?width=4000&url=https://data.cyverse.org/dav-anon/iplant/projects/magnoliagrandiFLORA/sernec-portal/MISSA/2023-2-20/MISSA037241.JPG","https://img.cyverse.org/thumbnail?height=200&url=https://data.cyverse.org/dav-anon/iplant/projects/magnoliagrandiFLORA/sernec-portal/MISSA/2023-2-20/MISSA037241.JPG","https://img.cyverse.org/resize?width=1250&url=https://data.cyverse.org/dav-anon/iplant/projects/magnoliagrandiFLORA/sernec-portal/MISSA/2023-2-20/MISSA037241.JPG"
"MISSA037242","https://img.cyverse.org/resize?width=4000&url=https://data.cyverse.org/dav-anon/iplant/projects/magnoliagrandiFLORA/sernec-portal/MISSA/2023-2-20/MISSA037242.JPG","https://img.cyverse.org/resize?width=4000&url=https://data.cyverse.org/dav-anon/iplant/projects/magnoliagrandiFLORA/sernec-portal/MISSA/2023-2-20/MISSA037242.JPG","https://img.cyverse.org/thumbnail?height=200&url=https://data.cyverse.org/dav-anon/iplant/projects/magnoliagrandiFLORA/sernec-portal/MISSA/2023-2-20/MISSA037242.JPG","https://img.cyverse.org/resize?width=1250&url=https://data.cyverse.org/dav-anon/iplant/projects/magnoliagrandiFLORA/sernec-portal/MISSA/2023-2-20/MISSA037242.JPG"
"MISSA037243","https://img.cyverse.org/resize?width=4000&url=https://data.cyverse.org/dav-anon/iplant/projects/magnoliagrandiFLORA/sernec-portal/MISSA/2023-2-20/MISSA037243.JPG","https://img.cyverse.org/resize?width=4000&url=https://data.cyverse.org/dav-anon/iplant/projects/magnoliagrandiFLORA/sernec-portal/MISSA/2023-2-20/MISSA037243.JPG","https://img.cyverse.org/thumbnail?height=200&url=https://data.cyverse.org/dav-anon/iplant/projects/magnoliagrandiFLORA/sernec-portal/MISSA/2023-2-20/MISSA037243.JPG","https://img.cyverse.org/resize?width=1250&url=https://data.cyverse.org/dav-anon/iplant/projects/magnoliagrandiFLORA/sernec-portal/MISSA/2023-2-20/MISSA037243.JPG"
"MISSA037244","https://img.cyverse.org/resize?width=4000&url=https://data.cyverse.org/dav-anon/iplant/projects/magnoliagrandiFLORA/sernec-portal/MISSA/2023-2-20/MISSA037244.JPG","https://img.cyverse.org/resize?width=4000&url=https://data.cyverse.org/dav-anon/iplant/projects/magnoliagrandiFLORA/sernec-portal/MISSA/2023-2-20/MISSA037244.JPG","https://img.cyverse.org/thumbnail?height=200&url=https://data.cyverse.org/dav-anon/iplant/projects/magnoliagrandiFLORA/sernec-portal/MISSA/2023-2-20/MISSA037244.JPG","https://img.cyverse.org/resize?width=1250&url=https://data.cyverse.org/dav-anon/iplant/projects/magnoliagrandiFLORA/sernec-portal/MISSA/2023-2-20/MISSA037244.JPG"
"MISSA037245","https://img.cyverse.org/resize?width=4000&url=https://data.cyverse.org/dav-anon/iplant/projects/magnoliagrandiFLORA/sernec-portal/MISSA/2023-2-20/MISSA037245.JPG","https://img.cyverse.org/resize?width=4000&url=https://data.cyverse.org/dav-anon/iplant/projects/magnoliagrandiFLORA/sernec-portal/MISSA/2023-2-20/MISSA037245.JPG","https://img.cyverse.org/thumbnail?height=200&url=https://data.cyverse.org/dav-anon/iplant/projects/magnoliagrandiFLORA/sernec-portal/MISSA/2023-2-20/MISSA037245.JPG","https://img.cyverse.org/resize?width=1250&url=https://data.cyverse.org/dav-anon/iplant/projects/magnoliagrandiFLORA/sernec-portal/MISSA/2023-2-20/MISSA037245.JPG"
"MISSA037246","https://img.cyverse.org/resize?width=4000&url=https://data.cyverse.org/dav-anon/iplant/projects/magnoliagrandiFLORA/sernec-portal/MISSA/2023-2-20/MISSA037246.JPG","https://img.cyverse.org/resize?width=4000&url=https://data.cyverse.org/dav-anon/iplant/projects/magnoliagrandiFLORA/sernec-portal/MISSA/2023-2-20/MISSA037246.JPG","https://img.cyverse.org/thumbnail?height=200&url=https://data.cyverse.org/dav-anon/iplant/projects/magnoliagrandiFLORA/sernec-portal/MISSA/2023-2-20/MISSA037246.JPG","https://img.cyverse.org/resize?width=1250&url=https://data.cyverse.org/dav-anon/iplant/projects/magnoliagrandiFLORA/sernec-portal/MISSA/2023-2-20/MISSA037246.JPG"
"MISSA037247","https://img.cyverse.org/resize?width=4000&url=https://data.cyverse.org/dav-anon/iplant/projects/magnoliagrandiFLORA/sernec-portal/MISSA/2023-2-20/MISSA037247.JPG","https://img.cyverse.org/resize?width=4000&url=https://data.cyverse.org/dav-anon/iplant/projects/magnoliagrandiFLORA/sernec-portal/MISSA/2023-2-20/MISSA037247.JPG","https://img.cyverse.org/thumbnail?height=200&url=https://data.cyverse.org/dav-anon/iplant/projects/magnoliagrandiFLORA/sernec-portal/MISSA/2023-2-20/MISSA037247.JPG","https://img.cyverse.org/resize?width=1250&url=https://data.cyverse.org/dav-anon/iplant/projects/magnoliagrandiFLORA/sernec-portal/MISSA/2023-2-20/MISSA037247.JPG"
"MISSA037248","https://img.cyverse.org/resize?width=4000&url=https://data.cyverse.org/dav-anon/iplant/projects/magnoliagrandiFLORA/sernec-portal/MISSA/2023-2-20/MISSA037248.JPG","https://img.cyverse.org/resize?width=4000&url=https://data.cyverse.org/dav-anon/iplant/projects/magnoliagrandiFLORA/sernec-portal/MISSA/2023-2-20/MISSA037248.JPG","https://img.cyverse.org/thumbnail?height=200&url=https://data.cyverse.org/dav-anon/iplant/projects/magnoliagrandiFLORA/sernec-portal/MISSA/2023-2-20/MISSA037248.JPG","https://img.cyverse.org/resize?width=1250&url=https://data.cyverse.org/dav-anon/iplant/projects/magnoliagrandiFLORA/sernec-portal/MISSA/2023-2-20/MISSA037248.JPG"
